-- MySQL dump 10.13  Distrib 8.0.30, for Win64 (x86_64)
--
-- Host: 127.0.0.1    Database: lessontraining
-- ------------------------------------------------------
-- Server version	8.0.30

/*!40101 SET @OLD_CHARACTER_SET_CLIENT=@@CHARACTER_SET_CLIENT */;
/*!40101 SET @OLD_CHARACTER_SET_RESULTS=@@CHARACTER_SET_RESULTS */;
/*!40101 SET @OLD_COLLATION_CONNECTION=@@COLLATION_CONNECTION */;
/*!50503 SET NAMES utf8mb4 */;
/*!40103 SET @OLD_TIME_ZONE=@@TIME_ZONE */;
/*!40103 SET TIME_ZONE='+00:00' */;
/*!40014 SET @OLD_UNIQUE_CHECKS=@@UNIQUE_CHECKS, UNIQUE_CHECKS=0 */;
/*!40014 SET @OLD_FOREIGN_KEY_CHECKS=@@FOREIGN_KEY_CHECKS, FOREIGN_KEY_CHECKS=0 */;
/*!40101 SET @OLD_SQL_MODE=@@SQL_MODE, SQL_MODE='NO_AUTO_VALUE_ON_ZERO' */;
/*!40111 SET @OLD_SQL_NOTES=@@SQL_NOTES, SQL_NOTES=0 */;

--
-- Table structure for table `college`
--

DROP TABLE IF EXISTS `college`;
/*!40101 SET @saved_cs_client     = @@character_set_client */;
/*!50503 SET character_set_client = utf8mb4 */;
CREATE TABLE `college` (
  `id` int NOT NULL AUTO_INCREMENT,
  `collegeName` varchar(50) NOT NULL,
  `teacherCount` int NOT NULL DEFAULT '0',
  `deleteFlag` int NOT NULL DEFAULT '1',
  `info` varchar(255) DEFAULT NULL,
  `updateTime` timestamp NULL DEFAULT NULL,
  PRIMARY KEY (`id`)
) ENGINE=InnoDB AUTO_INCREMENT=103 DEFAULT CHARSET=utf8mb3;
/*!40101 SET character_set_client = @saved_cs_client */;

--
-- Dumping data for table `college`
--

LOCK TABLES `college` WRITE;
/*!40000 ALTER TABLE `college` DISABLE KEYS */;
INSERT INTO `college` VALUES (101,'信息科学技术学院',30,1,'信息工程相关专业方向',NULL),(102,'土木工程技术学院',50,1,'土木工程相关专业方向',NULL);
/*!40000 ALTER TABLE `college` ENABLE KEYS */;
UNLOCK TABLES;

--
-- Table structure for table `manager`
--

DROP TABLE IF EXISTS `manager`;
/*!40101 SET @saved_cs_client     = @@character_set_client */;
/*!50503 SET character_set_client = utf8mb4 */;
CREATE TABLE `manager` (
  `manager_id` bigint NOT NULL AUTO_INCREMENT,
  `manager_name` varchar(255) DEFAULT NULL,
  `password` varchar(255) DEFAULT NULL,
  `remarks` varchar(255) DEFAULT NULL,
  PRIMARY KEY (`manager_id`)
) ENGINE=InnoDB AUTO_INCREMENT=17 DEFAULT CHARSET=utf8mb4 COLLATE=utf8mb4_0900_ai_ci;
/*!40101 SET character_set_client = @saved_cs_client */;

--
-- Dumping data for table `manager`
--

LOCK TABLES `manager` WRITE;
/*!40000 ALTER TABLE `manager` DISABLE KEYS */;
INSERT INTO `manager` VALUES (1,'杨帅领','13851701111','管理员1'),(2,'王维','13851701122',NULL),(3,'朱元璋','13851722334',NULL),(9,'李白','13851744444',''),(10,'陆游','13851705555','辅助管理信息'),(11,'骆宾王','13851706666','辅助管理员'),(14,'王勃','13851710000','辅助管理员'),(15,'宋江','13851702221','辅助管理员'),(16,'花木兰','13851709999','辅助管理信息');
/*!40000 ALTER TABLE `manager` ENABLE KEYS */;
UNLOCK TABLES;

--
-- Table structure for table `operationlog`
--

DROP TABLE IF EXISTS `operationlog`;
/*!40101 SET @saved_cs_client     = @@character_set_client */;
/*!50503 SET character_set_client = utf8mb4 */;
CREATE TABLE `operationlog` (
  `id` bigint NOT NULL AUTO_INCREMENT,
  `operationMsg` varchar(250) NOT NULL,
  `deleteFlag` int NOT NULL DEFAULT '1',
  `userId` bigint DEFAULT NULL,
  `info` varchar(255) DEFAULT NULL,
  `updateTime` timestamp NULL DEFAULT NULL,
  `indetity` varchar(255) DEFAULT NULL,
  `managerId` bigint DEFAULT NULL,
  PRIMARY KEY (`id`),
  KEY `fk_operationLog_userId` (`userId`),
  KEY `managerId` (`managerId`),
  CONSTRAINT `fk_operationLog_userId` FOREIGN KEY (`userId`) REFERENCES `user` (`user_id`),
  CONSTRAINT `operationlog_ibfk_1` FOREIGN KEY (`managerId`) REFERENCES `manager` (`manager_id`)
) ENGINE=InnoDB AUTO_INCREMENT=520 DEFAULT CHARSET=utf8mb4 COLLATE=utf8mb4_0900_ai_ci;
/*!40101 SET character_set_client = @saved_cs_client */;

--
-- Dumping data for table `operationlog`
--

LOCK TABLES `operationlog` WRITE;
/*!40000 ALTER TABLE `operationlog` DISABLE KEYS */;
INSERT INTO `operationlog` VALUES (15,'更新学生信息',1,1,'无','2023-04-04 13:19:30',NULL,NULL),(16,'分页查询学生信息',1,1,'无','2023-04-11 00:56:56',NULL,NULL),(17,'分页查询学生信息',1,1,'无','2023-04-11 00:58:40',NULL,NULL),(18,'分页查询学生信息',1,1,'无','2023-04-11 01:06:50',NULL,NULL),(19,'分页查询学生信息',1,1,'无','2023-04-11 01:14:02',NULL,NULL),(20,'分页查询学生信息',1,1,'无','2023-04-11 01:18:40',NULL,NULL),(21,'分页查询学生信息',1,1,'无','2023-04-11 01:49:52',NULL,NULL),(22,'分页查询学生信息',1,1,'无','2023-04-11 01:52:34',NULL,NULL),(23,'分页查询学生信息',1,1,'无','2023-04-11 01:53:43',NULL,NULL),(24,'分页查询学生信息',1,1,'无','2023-04-11 01:54:36',NULL,NULL),(25,'分页查询学生信息',1,1,'无','2023-04-11 01:55:02',NULL,NULL),(26,'分页查询学生信息',1,1,'无','2023-04-11 01:55:25',NULL,NULL),(27,'分页查询学生信息',1,1,'无','2023-04-11 01:56:13',NULL,NULL),(28,'分页查询学生信息',1,1,'无','2023-04-11 02:00:45',NULL,NULL),(29,'分页查询学生信息',1,1,'无','2023-04-11 02:03:21',NULL,NULL),(30,'分页查询学生信息',1,1,'无','2023-04-11 02:05:39',NULL,NULL),(31,'分页查询学生信息',1,1,'无','2023-04-11 02:10:23',NULL,NULL),(32,'分页查询学生信息',1,1,'无','2023-04-11 02:11:12',NULL,NULL),(33,'分页查询学生信息',1,1,'无','2023-04-11 02:12:07',NULL,NULL),(34,'分页查询学生信息',1,1,'无','2023-04-11 02:29:23',NULL,NULL),(35,'分页查询学生信息',1,1,'无','2023-04-11 02:31:53',NULL,NULL),(36,'分页查询学生信息',1,1,'无','2023-04-11 02:33:55',NULL,NULL),(37,'分页查询学生信息',1,1,'无','2023-04-11 02:34:38',NULL,NULL),(38,'分页查询学生信息',1,1,'无','2023-04-11 02:41:18',NULL,NULL),(39,'分页查询学生信息',1,1,'无','2023-04-11 02:43:15',NULL,NULL),(40,'分页查询学生信息',1,1,'无','2023-04-11 02:50:17',NULL,NULL),(41,'分页查询学生信息',1,1,'无','2023-04-11 02:50:51',NULL,NULL),(42,'分页查询学生信息',1,1,'无','2023-04-11 02:52:12',NULL,NULL),(43,'分页查询学生信息',1,1,'无','2023-04-11 02:56:25',NULL,NULL),(44,'分页查询学生信息',1,1,'无','2023-04-11 02:57:21',NULL,NULL),(45,'分页查询学生信息',1,1,'无','2023-04-11 02:58:07',NULL,NULL),(46,'分页查询学生信息',1,1,'无','2023-04-11 02:58:56',NULL,NULL),(47,'分页查询学生信息',1,1,'无','2023-04-11 03:00:51',NULL,NULL),(48,'分页查询学生信息',1,1,'无','2023-04-11 03:02:12',NULL,NULL),(49,'分页查询学生信息',1,1,'无','2023-04-11 03:02:16',NULL,NULL),(50,'分页查询学生信息',1,1,'无','2023-04-11 03:02:17',NULL,NULL),(51,'分页查询学生信息',1,1,'无','2023-04-11 03:02:17',NULL,NULL),(52,'分页查询学生信息',1,1,'无','2023-04-11 03:02:17',NULL,NULL),(53,'分页查询学生信息',1,1,'无','2023-04-11 03:02:17',NULL,NULL),(54,'分页查询学生信息',1,1,'无','2023-04-11 03:03:05',NULL,NULL),(55,'分页查询学生信息',1,1,'无','2023-04-11 03:04:29',NULL,NULL),(56,'分页查询学生信息',1,1,'无','2023-04-11 03:05:10',NULL,NULL),(57,'分页查询学生信息',1,1,'无','2023-04-11 03:05:14',NULL,NULL),(58,'分页查询学生信息',1,1,'无','2023-04-11 03:08:10',NULL,NULL),(59,'分页查询学生信息',1,1,'无','2023-04-11 03:08:15',NULL,NULL),(60,'分页查询学生信息',1,1,'无','2023-04-11 03:08:25',NULL,NULL),(61,'分页查询学生信息',1,1,'无','2023-04-11 03:08:36',NULL,NULL),(62,'分页查询学生信息',1,1,'无','2023-04-11 03:08:39',NULL,NULL),(63,'分页查询学生信息',1,1,'无','2023-04-11 03:08:49',NULL,NULL),(64,'分页查询学生信息',1,1,'无','2023-04-11 03:08:56',NULL,NULL),(65,'分页查询学生信息',1,1,'无','2023-04-11 03:09:01',NULL,NULL),(66,'分页查询学生信息',1,1,'无','2023-04-11 03:09:08',NULL,NULL),(67,'分页查询学生信息',1,1,'无','2023-04-11 03:12:21',NULL,NULL),(68,'分页查询学生信息',1,1,'无','2023-04-11 03:12:23',NULL,NULL),(69,'分页查询学生信息',1,1,'无','2023-04-11 03:12:25',NULL,NULL),(70,'分页查询学生信息',1,1,'无','2023-04-11 03:12:38',NULL,NULL),(71,'分页查询学生信息',1,1,'无','2023-04-11 03:12:40',NULL,NULL),(72,'分页查询学生信息',1,1,'无','2023-04-11 03:12:43',NULL,NULL),(73,'分页查询学生信息',1,1,'无','2023-04-11 03:15:04',NULL,NULL),(74,'分页查询学生信息',1,1,'无','2023-04-11 03:15:09',NULL,NULL),(75,'分页查询学生信息',1,1,'无','2023-04-11 03:15:17',NULL,NULL),(76,'分页查询学生信息',1,1,'无','2023-04-11 03:21:13',NULL,NULL),(77,'分页查询学生信息',1,1,'无','2023-04-11 03:22:28',NULL,NULL),(78,'分页查询学生信息',1,1,'无','2023-04-11 03:23:16',NULL,NULL),(79,'分页查询学生信息',1,1,'无','2023-04-11 03:24:01',NULL,NULL),(80,'分页查询学生信息',1,1,'无','2023-04-11 03:24:48',NULL,NULL),(81,'分页查询学生信息',1,1,'无','2023-04-11 03:36:23',NULL,NULL),(82,'分页查询学生信息',1,1,'无','2023-04-11 03:37:59',NULL,NULL),(83,'分页查询学生信息',1,1,'无','2023-04-11 03:38:33',NULL,NULL),(84,'分页查询学生信息',1,1,'无','2023-04-11 03:41:17',NULL,NULL),(85,'分页查询学生信息',1,1,'无','2023-04-11 03:42:56',NULL,NULL),(86,'分页查询学生信息',1,1,'无','2023-04-11 03:44:12',NULL,NULL),(87,'分页查询学生信息',1,1,'无','2023-04-11 03:44:45',NULL,NULL),(88,'分页查询学生信息',1,1,'无','2023-04-11 03:45:32',NULL,NULL),(89,'分页查询学生信息',1,1,'无','2023-04-11 03:45:40',NULL,NULL),(90,'分页查询学生信息',1,1,'无','2023-04-11 07:08:19',NULL,NULL),(91,'分页查询学生信息',1,1,'无','2023-04-11 07:09:37',NULL,NULL),(92,'分页查询学生信息',1,1,'无','2023-04-11 07:23:43',NULL,NULL),(93,'分页查询学生信息',1,1,'无','2023-04-11 07:25:42',NULL,NULL),(94,'分页查询学生信息',1,1,'无','2023-04-11 07:27:55',NULL,NULL),(95,'分页查询学生信息',1,1,'无','2023-04-11 07:35:37',NULL,NULL),(96,'分页查询学生信息',1,1,'无','2023-04-11 07:54:18',NULL,NULL),(97,'分页查询学生信息',1,1,'无','2023-04-11 07:55:33',NULL,NULL),(98,'分页查询学生信息',1,1,'无','2023-04-11 07:57:26',NULL,NULL),(99,'分页查询学生信息',1,1,'无','2023-04-11 08:03:41',NULL,NULL),(100,'更新学生信息',1,1,'无','2023-04-11 08:04:05',NULL,NULL),(101,'分页查询学生信息',1,1,'无','2023-04-11 08:07:32',NULL,NULL),(102,'更新学生信息',1,1,'无','2023-04-11 08:08:09',NULL,NULL),(103,'分页查询学生信息',1,1,'无','2023-04-11 08:08:09',NULL,NULL),(104,'分页查询学生信息',1,1,'无','2023-04-11 08:14:46',NULL,NULL),(105,'分页查询学生信息',1,1,'无','2023-04-11 08:14:55',NULL,NULL),(106,'分页查询学生信息',1,1,'无','2023-04-11 08:23:53',NULL,NULL),(107,'分页查询学生信息',1,1,'无','2023-04-11 08:27:19',NULL,NULL),(108,'更新学生信息',1,1,'无','2023-04-11 08:27:43',NULL,NULL),(109,'分页查询学生信息',1,1,'无','2023-04-11 08:27:43',NULL,NULL),(110,'分页查询学生信息',1,1,'无','2023-04-11 08:43:25',NULL,NULL),(111,'分页查询学生信息',1,1,'无','2023-04-11 08:43:51',NULL,NULL),(112,'分页查询学生信息',1,1,'无','2023-04-11 09:24:00',NULL,NULL),(113,'更新学生信息',1,1,'无','2023-04-11 09:24:19',NULL,NULL),(114,'分页查询学生信息',1,1,'无','2023-04-11 09:24:19',NULL,NULL),(115,'分页查询学生信息',1,1,'无','2023-04-11 09:52:44',NULL,NULL),(116,'用户注册信息',1,1,'无','2023-04-11 09:56:22',NULL,NULL),(117,'分页查询学生信息',1,1,'无','2023-04-11 09:59:30',NULL,NULL),(118,'用户注册信息',1,1,'无','2023-04-11 09:59:45',NULL,NULL),(119,'用户注册信息',1,1,'无','2023-04-11 09:59:51',NULL,NULL),(120,'用户注册信息',1,1,'无','2023-04-11 10:02:42',NULL,NULL),(121,'用户注册信息',1,1,'无','2023-04-11 10:03:14',NULL,NULL),(122,'分页查询学生信息',1,1,'无','2023-04-11 10:24:49',NULL,NULL),(123,'分页查询学生信息',1,1,'无','2023-04-11 10:27:28',NULL,NULL),(124,'用户注册信息',1,1,'无','2023-04-11 10:28:23',NULL,NULL),(125,'分页查询学生信息',1,1,'无','2023-04-11 10:32:44',NULL,NULL),(126,'用户注册信息',1,1,'无','2023-04-11 10:33:50',NULL,NULL),(131,'分页查询学生信息',1,1,'无','2023-04-12 05:39:09',NULL,NULL),(132,'分页查询学生信息',1,1,'无','2023-04-12 05:46:10',NULL,NULL),(133,'分页查询学生信息',1,1,'无','2023-04-12 05:46:23',NULL,NULL),(134,'分页查询学生信息',1,1,'无','2023-04-12 05:50:56',NULL,NULL),(135,'分页查询学生信息',1,1,'无','2023-04-12 05:50:57',NULL,NULL),(136,'分页查询学生信息',1,1,'无','2023-04-12 05:51:06',NULL,NULL),(137,'分页查询学生信息',1,1,'无','2023-04-12 05:51:08',NULL,NULL),(138,'分页查询学生信息',1,1,'无','2023-04-12 06:17:15',NULL,NULL),(139,'分页查询学生信息',1,1,'无','2023-04-12 06:18:32',NULL,NULL),(140,'分页查询学生信息',1,1,'无','2023-04-12 06:20:38',NULL,NULL),(141,'分页查询学生信息',1,1,'无','2023-04-12 06:40:56',NULL,NULL),(142,'分页查询学生信息',1,1,'无','2023-04-12 06:45:45',NULL,NULL),(143,'分页查询学生信息',1,1,'无','2023-04-12 06:47:18',NULL,NULL),(144,'分页查询学生信息',1,1,'无','2023-04-12 06:47:20',NULL,NULL),(145,'分页查询学生信息',1,1,'无','2023-04-12 06:47:23',NULL,NULL),(146,'分页查询学生信息',1,1,'无','2023-04-12 06:47:28',NULL,NULL),(149,'分页查询学生信息',1,1,'无','2023-04-12 07:47:57',NULL,NULL),(150,'分页查询学生信息',1,1,'无','2023-04-12 07:48:06',NULL,NULL),(151,'分页查询学生信息',1,1,'无','2023-04-12 07:49:00',NULL,NULL),(152,'分页查询学生信息',1,1,'无','2023-04-12 07:49:04',NULL,NULL),(153,'分页查询学生信息',1,1,'无','2023-04-12 07:49:06',NULL,NULL),(154,'分页查询学生信息',1,1,'无','2023-04-12 07:49:08',NULL,NULL),(155,'分页查询学生信息',1,1,'无','2023-04-12 07:49:13',NULL,NULL),(156,'分页查询学生信息',1,1,'无','2023-04-12 07:49:13',NULL,NULL),(157,'分页查询学生信息',1,1,'无','2023-04-12 07:49:14',NULL,NULL),(158,'分页查询学生信息',1,1,'无','2023-04-12 07:49:14',NULL,NULL),(159,'分页查询学生信息',1,1,'无','2023-04-12 07:49:14',NULL,NULL),(160,'分页查询学生信息',1,1,'无','2023-04-12 07:52:20',NULL,NULL),(161,'分页查询学生信息',1,1,'无','2023-04-12 07:52:24',NULL,NULL),(162,'分页查询学生信息',1,1,'无','2023-04-12 07:52:27',NULL,NULL),(163,'分页查询学生信息',1,1,'无','2023-04-12 07:52:28',NULL,NULL),(164,'分页查询学生信息',1,1,'无','2023-04-12 07:52:29',NULL,NULL),(165,'分页查询学生信息',1,1,'无','2023-04-12 07:52:29',NULL,NULL),(166,'分页查询学生信息',1,1,'无','2023-04-12 07:52:29',NULL,NULL),(167,'分页查询学生信息',1,1,'无','2023-04-12 07:52:32',NULL,NULL),(168,'分页查询学生信息',1,1,'无','2023-04-12 07:52:33',NULL,NULL),(169,'分页查询学生信息',1,1,'无','2023-04-12 07:52:36',NULL,NULL),(170,'分页查询学生信息',1,1,'无','2023-04-12 07:52:38',NULL,NULL),(171,'分页查询学生信息',1,1,'无','2023-04-12 07:52:39',NULL,NULL),(172,'分页查询学生信息',1,1,'无','2023-04-12 07:52:40',NULL,NULL),(173,'分页查询学生信息',1,1,'无','2023-04-12 07:52:40',NULL,NULL),(174,'分页查询学生信息',1,1,'无','2023-04-12 07:52:41',NULL,NULL),(175,'分页查询学生信息',1,1,'无','2023-04-12 07:52:42',NULL,NULL),(176,'分页查询学生信息',1,1,'无','2023-04-12 07:52:43',NULL,NULL),(177,'分页查询学生信息',1,1,'无','2023-04-12 07:52:44',NULL,NULL),(178,'分页查询学生信息',1,1,'无','2023-04-12 08:09:58',NULL,NULL),(179,'分页查询学生信息',1,1,'无','2023-04-12 08:10:01',NULL,NULL),(180,'分页查询学生信息',1,1,'无','2023-04-12 08:10:03',NULL,NULL),(181,'分页查询学生信息',1,1,'无','2023-04-12 08:10:20',NULL,NULL),(182,'分页查询学生信息',1,1,'无','2023-04-12 08:10:21',NULL,NULL),(183,'分页查询学生信息',1,1,'无','2023-04-12 08:10:23',NULL,NULL),(184,'分页查询学生信息',1,1,'无','2023-04-12 08:10:26',NULL,NULL),(185,'分页查询学生信息',1,1,'无','2023-04-12 08:10:30',NULL,NULL),(186,'分页查询学生信息',1,1,'无','2023-04-12 08:10:31',NULL,NULL),(187,'分页查询学生信息',1,1,'无','2023-04-12 08:10:37',NULL,NULL),(188,'分页查询学生信息',1,1,'无','2023-04-12 08:10:43',NULL,NULL),(189,'分页查询学生信息',1,1,'无','2023-04-12 08:10:52',NULL,NULL),(190,'分页查询学生信息',1,1,'无','2023-04-12 08:11:05',NULL,NULL),(191,'分页查询学生信息',1,1,'无','2023-04-12 08:16:04',NULL,NULL),(192,'分页查询学生信息',1,1,'无','2023-04-12 08:16:06',NULL,NULL),(193,'分页查询学生信息',1,1,'无','2023-04-12 09:03:15',NULL,NULL),(194,'分页查询学生信息',1,1,'无','2023-04-12 09:03:26',NULL,NULL),(195,'分页查询学生信息',1,1,'无','2023-04-12 09:05:11',NULL,NULL),(196,'分页查询学生信息',1,1,'无','2023-04-12 09:05:16',NULL,NULL),(197,'分页查询学生信息',1,1,'无','2023-04-12 09:07:29',NULL,NULL),(198,'分页查询学生信息',1,1,'无','2023-04-12 09:07:36',NULL,NULL),(199,'分页查询学生信息',1,1,'无','2023-04-12 09:08:01',NULL,NULL),(200,'分页查询学生信息',1,1,'无','2023-04-12 09:14:18',NULL,NULL),(201,'分页查询学生信息',1,1,'无','2023-04-12 09:14:20',NULL,NULL),(202,'分页查询学生信息',1,1,'无','2023-04-12 09:14:24',NULL,NULL),(203,'分页查询学生信息',1,1,'无','2023-04-12 09:16:25',NULL,NULL),(204,'分页查询学生信息',1,1,'无','2023-04-12 09:16:27',NULL,NULL),(205,'分页查询学生信息',1,1,'无','2023-04-12 09:16:30',NULL,NULL),(206,'分页查询学生信息',1,1,'无','2023-04-12 09:19:46',NULL,NULL),(207,'分页查询学生信息',1,1,'无','2023-04-12 09:19:57',NULL,NULL),(208,'分页查询学生信息',1,1,'无','2023-04-12 09:22:43',NULL,NULL),(209,'分页查询学生信息',1,1,'无','2023-04-12 09:22:47',NULL,NULL),(210,'分页查询学生信息',1,1,'无','2023-04-12 09:22:50',NULL,NULL),(211,'分页查询学生信息',1,1,'无','2023-04-12 09:25:18',NULL,NULL),(212,'分页查询学生信息',1,1,'无','2023-04-12 09:25:19',NULL,NULL),(213,'分页查询学生信息',1,1,'无','2023-04-12 09:25:23',NULL,NULL),(214,'分页查询学生信息',1,1,'无','2023-04-12 09:49:05',NULL,NULL),(215,'分页查询学生信息',1,1,'无','2023-04-12 09:49:09',NULL,NULL),(216,'分页查询学生信息',1,1,'无','2023-04-12 09:49:29',NULL,NULL),(217,'分页查询学生信息',1,1,'无','2023-04-12 09:49:32',NULL,NULL),(218,'分页查询学生信息',1,1,'无','2023-04-12 09:49:35',NULL,NULL),(219,'分页查询学生信息',1,1,'无','2023-04-12 09:50:57',NULL,NULL),(220,'分页查询学生信息',1,1,'无','2023-04-12 09:51:00',NULL,NULL),(221,'分页查询学生信息',1,1,'无','2023-04-12 09:51:07',NULL,NULL),(222,'分页查询学生信息',1,1,'无','2023-04-12 09:51:10',NULL,NULL),(223,'分页查询学生信息',1,1,'无','2023-04-12 09:51:18',NULL,NULL),(224,'分页查询学生信息',1,1,'无','2023-04-12 09:51:20',NULL,NULL),(225,'分页查询学生信息',1,1,'无','2023-04-12 09:51:39',NULL,NULL),(226,'分页查询学生信息',1,1,'无','2023-04-12 09:58:56',NULL,NULL),(227,'分页查询学生信息',1,1,'无','2023-04-12 09:59:01',NULL,NULL),(228,'分页查询学生信息',1,1,'无','2023-04-12 09:59:05',NULL,NULL),(229,'分页查询学生信息',1,1,'无','2023-04-12 09:59:10',NULL,NULL),(230,'分页查询学生信息',1,1,'无','2023-04-12 09:59:13',NULL,NULL),(231,'分页查询学生信息',1,1,'无','2023-04-12 09:59:18',NULL,NULL),(232,'分页查询学生信息',1,1,'无','2023-04-12 09:59:29',NULL,NULL),(233,'分页查询学生信息',1,1,'无','2023-04-12 10:00:36',NULL,NULL),(234,'分页查询学生信息',1,1,'无','2023-04-12 10:00:41',NULL,NULL),(235,'分页查询学生信息',1,1,'无','2023-04-12 10:00:43',NULL,NULL),(236,'分页查询学生信息',1,1,'无','2023-04-12 10:01:33',NULL,NULL),(237,'分页查询学生信息',1,1,'无','2023-04-12 10:02:50',NULL,NULL),(238,'分页查询学生信息',1,1,'无','2023-04-12 10:02:52',NULL,NULL),(239,'分页查询学生信息',1,1,'无','2023-04-12 10:03:12',NULL,NULL),(240,'分页查询学生信息',1,1,'无','2023-04-12 10:03:24',NULL,NULL),(241,'分页查询学生信息',1,1,'无','2023-04-12 10:03:57',NULL,NULL),(242,'分页查询学生信息',1,1,'无','2023-04-12 10:05:04',NULL,NULL),(243,'分页查询学生信息',1,1,'无','2023-04-12 10:05:14',NULL,NULL),(244,'分页查询学生信息',1,1,'无','2023-04-12 10:05:23',NULL,NULL),(245,'分页查询学生信息',1,1,'无','2023-04-12 10:16:52',NULL,NULL),(246,'分页查询学生信息',1,1,'无','2023-04-12 10:17:02',NULL,NULL),(247,'分页查询学生信息',1,1,'无','2023-04-12 10:17:04',NULL,NULL),(248,'分页查询学生信息',1,1,'无','2023-04-12 10:17:05',NULL,NULL),(249,'分页查询学生信息',1,1,'无','2023-04-12 10:22:07',NULL,NULL),(250,'分页查询学生信息',1,1,'无','2023-04-12 10:22:47',NULL,NULL),(251,'分页查询学生信息',1,1,'无','2023-04-12 10:22:50',NULL,NULL),(252,'分页查询学生信息',1,1,'无','2023-04-12 10:22:56',NULL,NULL),(253,'分页查询学生信息',1,1,'无','2023-04-12 10:59:20',NULL,NULL),(254,'分页查询学生信息',1,1,'无','2023-04-12 11:01:59',NULL,NULL),(255,'分页查询学生信息',1,1,'无','2023-04-12 11:02:01',NULL,NULL),(256,'分页查询学生信息',1,1,'无','2023-04-12 11:02:04',NULL,NULL),(257,'分页查询学生信息',1,1,'无','2023-04-12 11:02:06',NULL,NULL),(258,'分页查询学生信息',1,1,'无','2023-04-12 11:02:07',NULL,NULL),(259,'分页查询学生信息',1,1,'无','2023-04-12 11:02:08',NULL,NULL),(260,'分页查询学生信息',1,1,'无','2023-04-12 11:02:08',NULL,NULL),(261,'分页查询学生信息',1,1,'无','2023-04-12 11:02:09',NULL,NULL),(262,'分页查询学生信息',1,1,'无','2023-04-12 11:02:12',NULL,NULL),(263,'分页查询学生信息',1,1,'无','2023-04-12 11:02:13',NULL,NULL),(264,'分页查询学生信息',1,1,'无','2023-04-12 11:02:13',NULL,NULL),(265,'分页查询学生信息',1,1,'无','2023-04-12 11:02:14',NULL,NULL),(266,'分页查询学生信息',1,1,'无','2023-04-12 11:02:14',NULL,NULL),(267,'分页查询学生信息',1,1,'无','2023-04-12 11:02:18',NULL,NULL),(268,'分页查询学生信息',1,1,'无','2023-04-12 11:03:50',NULL,NULL),(269,'分页查询学生信息',1,1,'无','2023-04-12 11:03:52',NULL,NULL),(270,'分页查询学生信息',1,1,'无','2023-04-12 11:03:52',NULL,NULL),(271,'分页查询学生信息',1,1,'无','2023-04-12 11:03:55',NULL,NULL),(272,'分页查询学生信息',1,1,'无','2023-04-12 11:03:58',NULL,NULL),(273,'分页查询学生信息',1,1,'无','2023-04-12 11:03:58',NULL,NULL),(274,'分页查询学生信息',1,1,'无','2023-04-12 11:03:58',NULL,NULL),(275,'分页查询学生信息',1,1,'无','2023-04-12 11:04:25',NULL,NULL),(276,'分页查询学生信息',1,1,'无','2023-04-12 11:04:31',NULL,NULL),(277,'分页查询学生信息',1,1,'无','2023-04-12 11:04:31',NULL,NULL),(278,'分页查询学生信息',1,1,'无','2023-04-12 11:04:31',NULL,NULL),(279,'分页查询学生信息',1,1,'无','2023-04-12 11:05:22',NULL,NULL),(280,'分页查询学生信息',1,1,'无','2023-04-12 11:05:29',NULL,NULL),(281,'分页查询学生信息',1,1,'无','2023-04-12 11:05:41',NULL,NULL),(282,'分页查询学生信息',1,1,'无','2023-04-12 11:05:53',NULL,NULL),(283,'分页查询学生信息',1,1,'无','2023-04-12 11:06:01',NULL,NULL),(284,'分页查询学生信息',1,1,'无','2023-04-12 11:06:17',NULL,NULL),(285,'分页查询学生信息',1,1,'无','2023-04-12 11:06:50',NULL,NULL),(286,'分页查询学生信息',1,1,'无','2023-04-12 11:06:52',NULL,NULL),(287,'分页查询学生信息',1,1,'无','2023-04-12 11:06:54',NULL,NULL),(288,'分页查询学生信息',1,1,'无','2023-04-12 11:06:55',NULL,NULL),(289,'分页查询学生信息',1,1,'无','2023-04-12 11:08:02',NULL,NULL),(290,'分页查询学生信息',1,1,'无','2023-04-12 11:08:10',NULL,NULL),(291,'分页查询学生信息',1,1,'无','2023-04-12 11:08:23',NULL,NULL),(292,'分页查询学生信息',1,1,'无','2023-04-12 11:08:28',NULL,NULL),(293,'分页查询学生信息',1,1,'无','2023-04-12 11:08:34',NULL,NULL),(294,'分页查询学生信息',1,1,'无','2023-04-12 11:12:11',NULL,NULL),(295,'分页查询学生信息',1,1,'无','2023-04-12 11:12:15',NULL,NULL),(296,'分页查询学生信息',1,1,'无','2023-04-12 11:19:45',NULL,NULL),(297,'分页查询学生信息',1,1,'无','2023-04-12 11:19:47',NULL,NULL),(298,'分页查询学生信息',1,1,'无','2023-04-12 11:19:49',NULL,NULL),(299,'分页查询学生信息',1,1,'无','2023-04-12 11:19:50',NULL,NULL),(300,'分页查询学生信息',1,1,'无','2023-04-12 11:22:32',NULL,NULL),(301,'分页查询学生信息',1,1,'无','2023-04-12 11:22:37',NULL,NULL),(302,'分页查询学生信息',1,1,'无','2023-04-12 11:22:42',NULL,NULL),(303,'分页查询学生信息',1,1,'无','2023-04-12 11:22:45',NULL,NULL),(304,'分页查询学生信息',1,1,'无','2023-04-12 11:25:47',NULL,NULL),(305,'分页查询学生信息',1,1,'无','2023-04-12 11:25:49',NULL,NULL),(306,'分页查询学生信息',1,1,'无','2023-04-12 11:25:50',NULL,NULL),(307,'分页查询学生信息',1,1,'无','2023-04-12 11:25:53',NULL,NULL),(308,'分页查询学生信息',1,1,'无','2023-04-12 11:25:54',NULL,NULL),(309,'分页查询学生信息',1,1,'无','2023-04-12 11:25:56',NULL,NULL),(310,'分页查询学生信息',1,1,'无','2023-04-12 11:25:58',NULL,NULL),(311,'分页查询学生信息',1,1,'无','2023-04-12 11:26:02',NULL,NULL),(312,'分页查询学生信息',1,1,'无','2023-04-12 11:26:03',NULL,NULL),(313,'分页查询学生信息',1,1,'无','2023-04-12 11:26:04',NULL,NULL),(314,'分页查询学生信息',1,1,'无','2023-04-12 11:26:05',NULL,NULL),(315,'分页查询学生信息',1,1,'无','2023-04-12 11:26:07',NULL,NULL),(316,'分页查询学生信息',1,1,'无','2023-04-12 12:03:53',NULL,NULL),(317,'分页查询学生信息',1,1,'无','2023-04-12 12:03:59',NULL,NULL),(318,'分页查询学生信息',1,1,'无','2023-04-12 12:04:00',NULL,NULL),(319,'分页查询学生信息',1,1,'无','2023-04-12 12:04:04',NULL,NULL),(320,'分页查询学生信息',1,1,'无','2023-04-12 12:04:06',NULL,NULL),(321,'分页查询学生信息',1,1,'无','2023-04-12 12:04:07',NULL,NULL),(322,'分页查询学生信息',1,1,'无','2023-04-13 15:26:50',NULL,NULL),(323,'分页查询学生信息',1,1,'无','2023-04-13 15:26:58',NULL,NULL),(324,'分页查询学生信息',1,1,'无','2023-04-13 15:26:59',NULL,NULL),(325,'分页查询学生信息',1,1,'无','2023-04-13 15:26:59',NULL,NULL),(326,'分页查询学生信息',1,1,'无','2023-04-13 15:27:00',NULL,NULL),(327,'分页查询学生信息',1,1,'无','2023-04-13 15:27:00',NULL,NULL),(328,'分页查询学生信息',1,1,'无','2023-04-13 15:29:15',NULL,NULL),(329,'分页查询学生信息',1,1,'无','2023-04-14 01:32:03',NULL,NULL),(330,'分页查询学生信息',1,1,'无','2023-04-14 01:32:28',NULL,NULL),(331,'分页查询学生信息',1,1,'无','2023-04-14 01:32:32',NULL,NULL),(332,'分页查询学生信息',1,1,'无','2023-04-14 01:32:33',NULL,NULL),(333,'分页查询学生信息',1,1,'无','2023-04-14 01:33:45',NULL,NULL),(334,'分页查询学生信息',1,1,'无','2023-04-14 01:33:49',NULL,NULL),(335,'分页查询学生信息',1,1,'无','2023-04-14 01:33:53',NULL,NULL),(336,'分页查询学生信息',1,1,'无','2023-04-14 01:55:18',NULL,NULL),(337,'分页查询学生信息',1,1,'无','2023-04-14 02:02:41',NULL,NULL),(338,'分页查询学生信息',1,1,'无','2023-04-14 02:03:40',NULL,NULL),(339,'分页查询学生信息',1,1,'无','2023-04-14 02:04:31',NULL,NULL),(340,'分页查询学生信息',1,1,'无','2023-04-14 02:11:02',NULL,NULL),(341,'分页查询学生信息',1,1,'无','2023-04-14 02:12:31',NULL,NULL),(342,'分页查询学生信息',1,1,'无','2023-04-14 02:15:43',NULL,NULL),(343,'分页查询学生信息',1,1,'无','2023-04-14 02:22:11',NULL,NULL),(344,'分页查询学生信息',1,1,'无','2023-04-14 02:23:24',NULL,NULL),(345,'分页查询学生信息',1,1,'无','2023-04-14 02:23:33',NULL,NULL),(346,'分页查询学生信息',1,1,'无','2023-04-14 02:23:36',NULL,NULL),(347,'分页查询学生信息',1,1,'无','2023-04-14 02:32:47',NULL,NULL),(348,'分页查询学生信息',1,1,'无','2023-04-14 02:40:52',NULL,NULL),(349,'分页查询学生信息',1,1,'无','2023-04-14 02:47:12',NULL,NULL),(350,'分页查询学生信息',1,1,'无','2023-04-14 02:47:16',NULL,NULL),(351,'分页查询学生信息',1,1,'无','2023-04-14 02:59:32',NULL,NULL),(352,'分页查询学生信息',1,1,'无','2023-04-14 02:59:38',NULL,NULL),(353,'分页查询学生信息',1,1,'无','2023-04-14 02:59:56',NULL,NULL),(354,'分页查询学生信息',1,1,'无','2023-04-14 03:01:01',NULL,NULL),(355,'分页查询学生信息',1,1,'无','2023-04-14 03:01:02',NULL,NULL),(356,'分页查询学生信息',1,1,'无','2023-04-14 03:01:04',NULL,NULL),(357,'分页查询学生信息',1,1,'无','2023-04-14 03:01:05',NULL,NULL),(358,'分页查询学生信息',1,1,'无','2023-04-14 03:01:06',NULL,NULL),(359,'分页查询学生信息',1,1,'无','2023-04-14 03:01:07',NULL,NULL),(360,'分页查询学生信息',1,1,'无','2023-04-14 03:01:31',NULL,NULL),(361,'分页查询学生信息',1,1,'无','2023-04-14 03:01:43',NULL,NULL),(362,'分页查询学生信息',1,1,'无','2023-04-14 03:02:33',NULL,NULL),(363,'分页查询学生信息',1,1,'无','2023-04-14 03:02:35',NULL,NULL),(364,'分页查询学生信息',1,1,'无','2023-04-14 03:02:40',NULL,NULL),(365,'分页查询学生信息',1,1,'无','2023-04-14 03:10:47',NULL,NULL),(366,'分页查询学生信息',1,1,'无','2023-04-14 03:10:53',NULL,NULL),(367,'分页查询学生信息',1,1,'无','2023-04-14 03:11:08',NULL,NULL),(368,'分页查询学生信息',1,1,'无','2023-04-14 03:11:20',NULL,NULL),(369,'分页查询学生信息',1,1,'无','2023-04-14 03:11:23',NULL,NULL),(370,'分页查询学生信息',1,1,'无','2023-04-14 03:12:34',NULL,NULL),(371,'分页查询学生信息',1,1,'无','2023-04-14 03:12:40',NULL,NULL),(372,'分页查询学生信息',1,1,'无','2023-04-14 03:15:03',NULL,NULL),(373,'分页查询学生信息',1,1,'无','2023-04-14 03:15:17',NULL,NULL),(374,'分页查询学生信息',1,1,'无','2023-04-14 03:15:53',NULL,NULL),(375,'分页查询学生信息',1,1,'无','2023-04-14 03:17:26',NULL,NULL),(376,'分页查询学生信息',1,1,'无','2023-04-14 03:18:56',NULL,NULL),(377,'分页查询学生信息',1,1,'无','2023-04-14 03:18:58',NULL,NULL),(378,'分页查询学生信息',1,1,'无','2023-04-14 03:19:03',NULL,NULL),(379,'分页查询学生信息',1,1,'无','2023-04-14 03:20:38',NULL,NULL),(380,'分页查询学生信息',1,1,'无','2023-04-14 03:20:45',NULL,NULL),(381,'分页查询学生信息',1,1,'无','2023-04-14 03:22:52',NULL,NULL),(382,'分页查询学生信息',1,1,'无','2023-04-14 03:22:55',NULL,NULL),(383,'分页查询学生信息',1,1,'无','2023-04-14 03:28:20',NULL,NULL),(384,'分页查询学生信息',1,1,'无','2023-04-14 03:34:27',NULL,NULL),(385,'分页查询学生信息',1,1,'无','2023-04-14 03:37:54',NULL,NULL),(386,'分页查询学生信息',1,1,'无','2023-04-14 03:38:44',NULL,NULL),(387,'分页查询学生信息',1,1,'无','2023-04-14 03:40:31',NULL,NULL),(388,'分页查询学生信息',1,1,'无','2023-04-14 03:43:26',NULL,NULL),(389,'分页查询学生信息',1,1,'无','2023-04-14 03:46:12',NULL,NULL),(390,'分页查询学生信息',1,1,'无','2023-04-14 04:05:28',NULL,NULL),(391,'分页查询学生信息',1,1,'无','2023-04-14 04:07:09',NULL,NULL),(392,'分页查询学生信息',1,1,'无','2023-04-14 04:07:14',NULL,NULL),(393,'分页查询学生信息',1,1,'无','2023-04-14 04:08:24',NULL,NULL),(394,'分页查询学生信息',1,1,'无','2023-04-14 04:08:33',NULL,NULL),(395,'分页查询学生信息',1,1,'无','2023-04-14 04:08:45',NULL,NULL),(396,'分页查询学生信息',1,1,'无','2023-04-14 04:08:57',NULL,NULL),(397,'分页查询学生信息',1,1,'无','2023-04-14 04:09:02',NULL,NULL),(398,'分页查询学生信息',1,1,'无','2023-04-14 04:09:07',NULL,NULL),(399,'分页查询学生信息',1,1,'无','2023-04-14 04:09:14',NULL,NULL),(400,'分页查询学生信息',1,1,'无','2023-04-14 04:09:17',NULL,NULL),(401,'分页查询学生信息',1,1,'无','2023-04-14 04:15:18',NULL,NULL),(402,'分页查询学生信息',1,1,'无','2023-04-14 04:15:22',NULL,NULL),(403,'分页查询学生信息',1,1,'无','2023-04-14 04:15:31',NULL,NULL),(404,'分页查询学生信息',1,1,'无','2023-04-14 04:16:59',NULL,NULL),(405,'分页查询学生信息',1,1,'无','2023-04-14 04:17:05',NULL,NULL),(406,'分页查询学生信息',1,1,'无','2023-04-14 04:17:06',NULL,NULL),(407,'分页查询学生信息',1,1,'无','2023-04-14 04:19:25',NULL,NULL),(408,'分页查询学生信息',1,1,'无','2023-04-14 04:19:30',NULL,NULL),(409,'分页查询学生信息',1,1,'无','2023-04-14 04:19:35',NULL,NULL),(410,'分页查询学生信息',1,1,'无','2023-04-14 04:19:40',NULL,NULL),(411,'分页查询学生信息',1,1,'无','2023-04-14 04:19:50',NULL,NULL),(412,'分页查询学生信息',1,1,'无','2023-04-14 04:19:51',NULL,NULL),(413,'分页查询学生信息',1,1,'无','2023-04-14 04:19:51',NULL,NULL),(414,'分页查询学生信息',1,1,'无','2023-04-14 04:19:53',NULL,NULL),(415,'分页查询学生信息',1,1,'无','2023-04-14 04:19:54',NULL,NULL),(416,'分页查询学生信息',1,1,'无','2023-04-14 04:21:21',NULL,NULL),(417,'分页查询学生信息',1,1,'无','2023-04-14 04:21:29',NULL,NULL),(418,'分页查询学生信息',1,1,'无','2023-04-14 04:22:04',NULL,NULL),(419,'分页查询学生信息',1,1,'无','2023-04-14 04:28:27',NULL,NULL),(420,'分页查询学生信息',1,1,'无','2023-04-14 04:28:32',NULL,NULL),(421,'分页查询学生信息',1,1,'无','2023-04-14 04:28:34',NULL,NULL),(422,'分页查询学生信息',1,1,'无','2023-04-14 04:30:05',NULL,NULL),(423,'分页查询学生信息',1,1,'无','2023-04-14 04:34:29',NULL,NULL),(424,'分页查询学生信息',1,1,'无','2023-04-14 04:35:11',NULL,NULL),(425,'分页查询学生信息',1,1,'无','2023-04-14 04:35:14',NULL,NULL),(426,'分页查询学生信息',1,1,'无','2023-04-14 04:35:17',NULL,NULL),(427,'分页查询学生信息',1,1,'无','2023-04-14 04:37:28',NULL,NULL),(428,'分页查询学生信息',1,1,'无','2023-04-14 04:37:33',NULL,NULL),(429,'分页查询学生信息',1,1,'无','2023-04-14 04:37:35',NULL,NULL),(430,'分页查询学生信息',1,1,'无','2023-04-14 04:37:37',NULL,NULL),(431,'分页查询学生信息',1,1,'无','2023-04-14 05:23:57',NULL,NULL),(432,'分页查询学生信息',1,1,'无','2023-04-14 05:23:59',NULL,NULL),(433,'分页查询学生信息',1,1,'无','2023-04-14 05:24:03',NULL,NULL),(434,'分页查询学生信息',1,1,'无','2023-04-14 05:24:06',NULL,NULL),(435,'分页查询学生信息',1,1,'无','2023-04-14 05:24:13',NULL,NULL),(436,'分页查询学生信息',1,1,'无','2023-04-14 05:24:24',NULL,NULL),(437,'分页查询学生信息',1,1,'无','2023-04-14 05:40:26',NULL,NULL),(438,'分页查询学生信息',1,1,'无','2023-04-14 05:40:28',NULL,NULL),(439,'分页查询学生信息',1,1,'无','2023-04-14 05:40:32',NULL,NULL),(440,'分页查询学生信息',1,1,'无','2023-04-14 05:40:39',NULL,NULL),(441,'分页查询学生信息',1,1,'无','2023-04-14 05:40:42',NULL,NULL),(442,'分页查询学生信息',1,1,'无','2023-04-14 05:40:55',NULL,NULL),(443,'分页查询学生信息',1,1,'无','2023-04-14 06:25:39',NULL,NULL),(444,'分页查询学生信息',1,1,'无','2023-04-14 06:50:42',NULL,NULL),(445,'用户注册信息',1,1,'无','2023-04-14 06:51:22',NULL,NULL),(461,'分页查询学生信息',1,1,'无','2023-04-14 08:22:43',NULL,NULL),(462,'分页查询学生信息',1,1,'无','2023-04-14 08:23:36',NULL,NULL),(463,'分页查询学生信息',1,1,'无','2023-04-14 08:23:41',NULL,NULL),(464,'分页查询学生信息',1,1,'无','2023-04-14 08:23:44',NULL,NULL),(465,'分页查询学生信息',1,1,'无','2023-04-14 08:23:46',NULL,NULL),(466,'分页查询学生信息',1,1,'无','2023-04-14 08:25:28',NULL,NULL),(467,'分页查询学生信息',1,1,'无','2023-04-14 08:25:31',NULL,NULL),(468,'分页查询学生信息',1,1,'无','2023-04-14 08:25:48',NULL,NULL),(469,'分页查询学生信息',1,1,'无','2023-04-14 08:36:03',NULL,NULL),(470,'用户注册信息',1,1,'无','2023-04-14 08:51:43',NULL,NULL),(471,'分页查询学生信息',1,1,'无','2023-04-14 10:20:05',NULL,NULL),(472,'创建管理员',1,1,'无','2023-04-14 10:21:31',NULL,NULL),(473,'创建管理员',1,1,'无','2023-04-14 10:30:13','管理员',NULL),(475,'分页查询学生信息',1,NULL,'无','2023-04-14 10:54:11','管理员',9),(476,'创建管理员',1,NULL,'无','2023-04-14 10:54:23','管理员',9),(477,'分页查询学生信息',1,2,'无','2023-04-14 11:02:00','普通员工',NULL),(478,'分页查询学生信息',1,2,'无','2023-04-14 11:02:27','普通员工',NULL),(479,'分页查询学生信息',1,2,'无','2023-04-14 11:03:49','普通员工',NULL),(480,'分页查询学生信息',1,2,'无','2023-04-14 11:04:02','普通员工',NULL),(481,'分页查询学生信息',1,2,'无','2023-04-14 11:04:06','普通员工',NULL),(482,'分页查询学生信息',1,NULL,'无','2023-04-15 16:19:23','管理员',9),(483,'分页查询学生信息',1,NULL,'无','2023-04-15 16:19:37','管理员',9),(484,'分页查询学生信息',1,NULL,'无','2023-04-15 16:20:52','管理员',9),(485,'分页查询学生信息',1,NULL,'无','2023-04-15 16:25:07','管理员',9),(486,'分页查询学生信息',1,NULL,'无','2023-04-16 04:12:08','管理员',9),(487,'分页查询学生信息',1,NULL,'无','2023-04-16 04:12:14','管理员',9),(488,'分页查询学生信息',1,NULL,'无','2023-04-16 04:12:17','管理员',9),(489,'分页查询学生信息',1,NULL,'无','2023-04-16 04:12:19','管理员',9),(490,'分页查询学生信息',1,NULL,'无','2023-04-16 04:12:22','管理员',9),(491,'分页查询学生信息',1,NULL,'无','2023-04-16 04:29:46','管理员',9),(492,'分页查询学生信息',1,NULL,'无','2023-04-16 05:04:13','管理员',9),(493,'分页查询学生信息',1,NULL,'无','2023-04-16 05:21:27','管理员',9),(494,'分页查询学生信息',1,NULL,'无','2023-04-16 05:21:31','管理员',9),(495,'分页查询学生信息',1,NULL,'无','2023-04-16 06:02:07','管理员',1),(496,'分页查询学生信息',1,NULL,'无','2023-04-16 06:04:04','管理员',1),(497,'分页查询学生信息',1,NULL,'无','2023-04-16 06:07:59','管理员',1),(498,'分页查询学生信息',1,NULL,'无','2023-04-16 06:09:54','管理员',1),(499,'分页查询学生信息',1,NULL,'无','2023-04-16 06:10:45','管理员',1),(500,'分页查询学生信息',1,NULL,'无','2023-04-16 06:11:02','管理员',1),(501,'分页查询学生信息',1,NULL,'无','2023-04-16 06:11:04','管理员',1),(502,'分页查询学生信息',1,NULL,'无','2023-04-16 06:11:06','管理员',1),(503,'分页查询学生信息',1,NULL,'无','2023-04-16 06:11:09','管理员',1),(504,'分页查询学生信息',1,NULL,'无','2023-04-16 06:11:10','管理员',1),(505,'分页查询学生信息',1,NULL,'无','2023-04-16 06:11:15','管理员',1),(506,'分页查询学生信息',1,NULL,'无','2023-04-16 06:11:18','管理员',1),(507,'分页查询学生信息',1,NULL,'无','2023-04-16 06:11:22','管理员',1),(508,'分页查询学生信息',1,NULL,'无','2023-04-16 06:11:23','管理员',1),(509,'分页查询学生信息',1,NULL,'无','2023-04-16 06:11:24','管理员',1),(510,'分页查询学生信息',1,NULL,'无','2023-04-16 06:11:26','管理员',1),(511,'分页查询学生信息',1,NULL,'无','2023-04-16 06:11:27','管理员',1),(512,'分页查询学生信息',1,NULL,'无','2023-04-16 06:11:27','管理员',1),(513,'分页查询学生信息',1,NULL,'无','2023-04-16 06:11:28','管理员',1),(514,'分页查询学生信息',1,NULL,'无','2023-04-16 06:11:28','管理员',1),(515,'分页查询学生信息',1,NULL,'无','2023-04-16 06:11:28','管理员',1),(516,'分页查询学生信息',1,NULL,'无','2023-04-16 06:11:28','管理员',1),(517,'分页查询学生信息',1,NULL,'无','2023-04-16 06:22:29','管理员',1),(518,'分页查询学生信息',1,NULL,'无','2023-04-16 06:40:36','管理员',1),(519,'分页查询学生信息',1,NULL,'无','2023-04-16 06:41:02','管理员',1);
/*!40000 ALTER TABLE `operationlog` ENABLE KEYS */;
UNLOCK TABLES;

--
-- Table structure for table `student`
--

DROP TABLE IF EXISTS `student`;
/*!40101 SET @saved_cs_client     = @@character_set_client */;
/*!50503 SET character_set_client = utf8mb4 */;
CREATE TABLE `student` (
  `student_id` bigint NOT NULL AUTO_INCREMENT,
  `student_name` varchar(255) DEFAULT NULL,
  `age` int DEFAULT NULL,
  `sex` int DEFAULT NULL,
  `school` varchar(255) DEFAULT NULL,
  `address` varchar(255) DEFAULT NULL,
  `deleteFlag` int NOT NULL DEFAULT '1',
  `info` varchar(255) DEFAULT NULL,
  `updateTime` timestamp NULL DEFAULT CURRENT_TIMESTAMP,
  `studentClassId` int DEFAULT NULL,
  PRIMARY KEY (`student_id`),
  KEY `studentClassId` (`studentClassId`),
  CONSTRAINT `student_ibfk_1` FOREIGN KEY (`studentClassId`) REFERENCES `studentclass` (`id`)
) ENGINE=InnoDB AUTO_INCREMENT=33 DEFAULT CHARSET=utf8mb4 COLLATE=utf8mb4_0900_ai_ci;
/*!40101 SET character_set_client = @saved_cs_client */;

--
-- Dumping data for table `student`
--

LOCK TABLES `student` WRITE;
/*!40000 ALTER TABLE `student` DISABLE KEYS */;
INSERT INTO `student` VALUES (1,'王昌龄',23,0,'天津大学','天津',0,NULL,NULL,2001),(8,'李白',22,0,'南京航空航天大学','江苏苏州',1,NULL,NULL,2002),(9,'杜甫',23,1,'南京林业大学','江苏南京',1,NULL,NULL,2001),(10,'白居易',22,0,'西安交通大学','江苏苏州',1,NULL,NULL,2003),(11,'王安石',23,1,'南京林业大学','江苏南京',1,NULL,NULL,2002),(12,'辛弃疾',22,0,'南京大学','江苏苏州',1,NULL,NULL,2002),(13,'欧阳修',26,1,'东南大学','江苏苏州',1,NULL,NULL,2001),(14,'高适',NULL,1,NULL,'重庆',1,'无','2023-04-11 17:16:58',2003),(15,'李清照',22,0,'四川大学','江苏苏州',1,NULL,NULL,2004),(16,'张若虚',23,1,'复旦大学','江苏南京',1,NULL,NULL,2004),(17,'刘禹锡',22,0,'南京航空航天大学','江苏苏州',1,NULL,NULL,2001),(19,'苏轼',22,0,'南京航空航天大学','江苏苏州',1,NULL,NULL,2003),(25,'杜牧',33,1,'北京大学','北京',1,NULL,NULL,2004),(26,'张若虚',34,1,'西北工业大学','陕西西安',1,NULL,NULL,2002),(27,'王湾',27,1,'中山大学','广州',1,'无','2023-04-11 01:03:42',2001),(28,'刘禹锡',29,1,'山东大学','山东济南',1,'无','2023-04-11 01:06:24',2001),(29,'曹操',31,1,'新疆大学','山东济南',1,'无','2023-04-11 01:06:24',2002),(30,'诸葛亮',29,1,'四川大学','四川成都',1,'无','2023-04-11 01:06:24',2004),(32,'张飞',32,1,'中国人民大学','上海',1,NULL,'2023-04-12 12:03:53',2001);
/*!40000 ALTER TABLE `student` ENABLE KEYS */;
UNLOCK TABLES;

--
-- Table structure for table `studentclass`
--

DROP TABLE IF EXISTS `studentclass`;
/*!40101 SET @saved_cs_client     = @@character_set_client */;
/*!50503 SET character_set_client = utf8mb4 */;
CREATE TABLE `studentclass` (
  `id` int NOT NULL AUTO_INCREMENT,
  `studentclassName` varchar(50) NOT NULL,
  `deleteFlag` int NOT NULL DEFAULT '1',
  `collegeId` int DEFAULT NULL,
  `info` varchar(255) DEFAULT NULL,
  `updateTime` timestamp NULL DEFAULT NULL,
  PRIMARY KEY (`id`),
  KEY `fk_studentClass_collegeId` (`collegeId`),
  CONSTRAINT `fk_studentClass_collegeId` FOREIGN KEY (`collegeId`) REFERENCES `college` (`id`)
) ENGINE=InnoDB AUTO_INCREMENT=2005 DEFAULT CHARSET=utf8mb3;
/*!40101 SET character_set_client = @saved_cs_client */;

--
-- Dumping data for table `studentclass`
--

LOCK TABLES `studentclass` WRITE;
/*!40000 ALTER TABLE `studentclass` DISABLE KEYS */;
INSERT INTO `studentclass` VALUES (2001,'20108041班',1,101,'041班级',NULL),(2002,'20108042班',1,101,'042班级',NULL),(2003,'20108051班',1,102,'051班级',NULL),(2004,'20108052班',1,102,'052班级',NULL);
/*!40000 ALTER TABLE `studentclass` ENABLE KEYS */;
UNLOCK TABLES;

--
-- Table structure for table `user`
--

DROP TABLE IF EXISTS `user`;
/*!40101 SET @saved_cs_client     = @@character_set_client */;
/*!50503 SET character_set_client = utf8mb4 */;
CREATE TABLE `user` (
  `user_id` bigint NOT NULL AUTO_INCREMENT,
  `username` varchar(255) DEFAULT NULL,
  `password` varchar(255) DEFAULT NULL,
  `sex` int DEFAULT NULL,
  `age` int DEFAULT NULL,
  `address` varchar(255) DEFAULT NULL,
  `studentId` bigint DEFAULT NULL,
  `deleteFlag` int NOT NULL DEFAULT '1',
  `info` varchar(255) DEFAULT NULL,
  `updateTime` timestamp NULL DEFAULT NULL,
  PRIMARY KEY (`user_id`),
  KEY `studentId` (`studentId`),
  CONSTRAINT `user_ibfk_1` FOREIGN KEY (`studentId`) REFERENCES `student` (`student_id`)
) ENGINE=InnoDB AUTO_INCREMENT=27 DEFAULT CHARSET=utf8mb4 COLLATE=utf8mb4_0900_ai_ci;
/*!40101 SET character_set_client = @saved_cs_client */;

--
-- Dumping data for table `user`
--

LOCK TABLES `user` WRITE;
/*!40000 ALTER TABLE `user` DISABLE KEYS */;
INSERT INTO `user` VALUES (1,'杨天','13851701111',1,21,'北京',1,1,'无',NULL),(2,'王乐','13851667788',0,22,'天津',1,1,'无',NULL),(3,'刘凯','13851888999',1,23,'江苏南京',1,1,'无',NULL),(4,'刘薇','13851666888',0,20,'江苏苏州',1,1,'无',NULL),(6,'孟浩然','13851709995',1,12,'重庆',1,1,'无',NULL),(23,'李商隐','13851709988',1,34,'湖北武汉',NULL,1,'无',NULL),(24,'黄巢','13851709977',1,33,'江西南昌',1,1,'无',NULL),(25,'柳永','13851709994',0,32,'云南昆明',NULL,1,'无',NULL),(26,'李煜','13851687879',1,54,'浙江杭州',NULL,1,NULL,NULL);
/*!40000 ALTER TABLE `user` ENABLE KEYS */;
UNLOCK TABLES;
/*!40103 SET TIME_ZONE=@OLD_TIME_ZONE */;

/*!40101 SET SQL_MODE=@OLD_SQL_MODE */;
/*!40014 SET FOREIGN_KEY_CHECKS=@OLD_FOREIGN_KEY_CHECKS */;
/*!40014 SET UNIQUE_CHECKS=@OLD_UNIQUE_CHECKS */;
/*!40101 SET CHARACTER_SET_CLIENT=@OLD_CHARACTER_SET_CLIENT */;
/*!40101 SET CHARACTER_SET_RESULTS=@OLD_CHARACTER_SET_RESULTS */;
/*!40101 SET COLLATION_CONNECTION=@OLD_COLLATION_CONNECTION */;
/*!40111 SET SQL_NOTES=@OLD_SQL_NOTES */;

-- Dump completed on 2023-04-16 14:45:51
