-- MySQL dump 10.13  Distrib 8.0.30, for Win64 (x86_64)
--
-- Host: 127.0.0.1    Database: lessontraining
-- ------------------------------------------------------
-- Server version	8.0.30

/*!40101 SET @OLD_CHARACTER_SET_CLIENT=@@CHARACTER_SET_CLIENT */;
/*!40101 SET @OLD_CHARACTER_SET_RESULTS=@@CHARACTER_SET_RESULTS */;
/*!40101 SET @OLD_COLLATION_CONNECTION=@@COLLATION_CONNECTION */;
/*!50503 SET NAMES utf8mb4 */;
/*!40103 SET @OLD_TIME_ZONE=@@TIME_ZONE */;
/*!40103 SET TIME_ZONE='+00:00' */;
/*!40014 SET @OLD_UNIQUE_CHECKS=@@UNIQUE_CHECKS, UNIQUE_CHECKS=0 */;
/*!40014 SET @OLD_FOREIGN_KEY_CHECKS=@@FOREIGN_KEY_CHECKS, FOREIGN_KEY_CHECKS=0 */;
/*!40101 SET @OLD_SQL_MODE=@@SQL_MODE, SQL_MODE='NO_AUTO_VALUE_ON_ZERO' */;
/*!40111 SET @OLD_SQL_NOTES=@@SQL_NOTES, SQL_NOTES=0 */;

--
-- Table structure for table `college`
--

DROP TABLE IF EXISTS `college`;
/*!40101 SET @saved_cs_client     = @@character_set_client */;
/*!50503 SET character_set_client = utf8mb4 */;
CREATE TABLE `college` (
  `id` int NOT NULL AUTO_INCREMENT,
  `collegeName` varchar(50) NOT NULL,
  `teacherCount` int NOT NULL DEFAULT '0',
  `deleteFlag` int NOT NULL DEFAULT '1',
  `info` varchar(255) DEFAULT NULL,
  `updateTime` timestamp NULL DEFAULT NULL,
  PRIMARY KEY (`id`)
) ENGINE=InnoDB AUTO_INCREMENT=103 DEFAULT CHARSET=utf8mb3;
/*!40101 SET character_set_client = @saved_cs_client */;

--
-- Dumping data for table `college`
--

LOCK TABLES `college` WRITE;
/*!40000 ALTER TABLE `college` DISABLE KEYS */;
INSERT INTO `college` VALUES (101,'信息科学技术学院',30,1,'信息工程相关专业方向',NULL),(102,'土木工程技术学院',50,1,'土木工程相关专业方向',NULL);
/*!40000 ALTER TABLE `college` ENABLE KEYS */;
UNLOCK TABLES;

--
-- Table structure for table `manager`
--

DROP TABLE IF EXISTS `manager`;
/*!40101 SET @saved_cs_client     = @@character_set_client */;
/*!50503 SET character_set_client = utf8mb4 */;
CREATE TABLE `manager` (
  `manager_id` bigint NOT NULL AUTO_INCREMENT,
  `manager_name` varchar(255) DEFAULT NULL,
  `password` varchar(255) DEFAULT NULL,
  `remarks` varchar(255) DEFAULT NULL,
  PRIMARY KEY (`manager_id`)
) ENGINE=InnoDB AUTO_INCREMENT=17 DEFAULT CHARSET=utf8mb4 COLLATE=utf8mb4_0900_ai_ci;
/*!40101 SET character_set_client = @saved_cs_client */;

--
-- Dumping data for table `manager`
--

LOCK TABLES `manager` WRITE;
/*!40000 ALTER TABLE `manager` DISABLE KEYS */;
INSERT INTO `manager` VALUES (1,'杨帅领','13851701111','管理员1'),(2,'王维','13851701122',NULL),(3,'朱元璋','13851722334',NULL),(9,'李白','13851744444',''),(10,'陆游','13851705555','辅助管理信息'),(11,'骆宾王','13851706666','辅助管理员'),(14,'王勃','13851710000','辅助管理员'),(15,'宋江','13851702221','辅助管理员'),(16,'花木兰','13851709999','辅助管理信息');
/*!40000 ALTER TABLE `manager` ENABLE KEYS */;
UNLOCK TABLES;

--
-- Table structure for table `operationlog`
--

DROP TABLE IF EXISTS `operationlog`;
/*!40101 SET @saved_cs_client     = @@character_set_client */;
/*!50503 SET character_set_client = utf8mb4 */;
CREATE TABLE `operationlog` (
  `id` bigint NOT NULL AUTO_INCREMENT,
  `operationMsg` varchar(250) NOT NULL,
  `deleteFlag` int NOT NULL DEFAULT '1',
  `userId` bigint DEFAULT NULL,
  `info` varchar(255) DEFAULT NULL,
  `updateTime` timestamp NULL DEFAULT NULL,
  `indetity` varchar(255) DEFAULT NULL,
  `managerId` bigint DEFAULT NULL,
  PRIMARY KEY (`id`),
  KEY `fk_operationLog_userId` (`userId`),
  KEY `managerId` (`managerId`),
  CONSTRAINT `fk_operationLog_userId` FOREIGN KEY (`userId`) REFERENCES `user` (`user_id`),
  CONSTRAINT `operationlog_ibfk_1` FOREIGN KEY (`managerId`) REFERENCES `manager` (`manager_id`)
) ENGINE=InnoDB AUTO_INCREMENT=1741 DEFAULT CHARSET=utf8mb4 COLLATE=utf8mb4_0900_ai_ci;
/*!40101 SET character_set_client = @saved_cs_client */;

--
-- Dumping data for table `operationlog`
--

LOCK TABLES `operationlog` WRITE;
/*!40000 ALTER TABLE `operationlog` DISABLE KEYS */;
INSERT INTO `operationlog` VALUES (15,'更新学生信息',1,1,'无','2023-04-04 13:19:30',NULL,NULL),(16,'分页查询学生信息',1,1,'无','2023-04-11 00:56:56',NULL,NULL),(17,'分页查询学生信息',1,1,'无','2023-04-11 00:58:40',NULL,NULL),(18,'分页查询学生信息',1,1,'无','2023-04-11 01:06:50',NULL,NULL),(19,'分页查询学生信息',1,1,'无','2023-04-11 01:14:02',NULL,NULL),(20,'分页查询学生信息',1,1,'无','2023-04-11 01:18:40',NULL,NULL),(21,'分页查询学生信息',1,1,'无','2023-04-11 01:49:52',NULL,NULL),(22,'分页查询学生信息',1,1,'无','2023-04-11 01:52:34',NULL,NULL),(23,'分页查询学生信息',1,1,'无','2023-04-11 01:53:43',NULL,NULL),(24,'分页查询学生信息',1,1,'无','2023-04-11 01:54:36',NULL,NULL),(25,'分页查询学生信息',1,1,'无','2023-04-11 01:55:02',NULL,NULL),(26,'分页查询学生信息',1,1,'无','2023-04-11 01:55:25',NULL,NULL),(27,'分页查询学生信息',1,1,'无','2023-04-11 01:56:13',NULL,NULL),(28,'分页查询学生信息',1,1,'无','2023-04-11 02:00:45',NULL,NULL),(29,'分页查询学生信息',1,1,'无','2023-04-11 02:03:21',NULL,NULL),(30,'分页查询学生信息',1,1,'无','2023-04-11 02:05:39',NULL,NULL),(31,'分页查询学生信息',1,1,'无','2023-04-11 02:10:23',NULL,NULL),(32,'分页查询学生信息',1,1,'无','2023-04-11 02:11:12',NULL,NULL),(33,'分页查询学生信息',1,1,'无','2023-04-11 02:12:07',NULL,NULL),(34,'分页查询学生信息',1,1,'无','2023-04-11 02:29:23',NULL,NULL),(35,'分页查询学生信息',1,1,'无','2023-04-11 02:31:53',NULL,NULL),(36,'分页查询学生信息',1,1,'无','2023-04-11 02:33:55',NULL,NULL),(37,'分页查询学生信息',1,1,'无','2023-04-11 02:34:38',NULL,NULL),(38,'分页查询学生信息',1,1,'无','2023-04-11 02:41:18',NULL,NULL),(39,'分页查询学生信息',1,1,'无','2023-04-11 02:43:15',NULL,NULL),(40,'分页查询学生信息',1,1,'无','2023-04-11 02:50:17',NULL,NULL),(41,'分页查询学生信息',1,1,'无','2023-04-11 02:50:51',NULL,NULL),(42,'分页查询学生信息',1,1,'无','2023-04-11 02:52:12',NULL,NULL),(43,'分页查询学生信息',1,1,'无','2023-04-11 02:56:25',NULL,NULL),(44,'分页查询学生信息',1,1,'无','2023-04-11 02:57:21',NULL,NULL),(45,'分页查询学生信息',1,1,'无','2023-04-11 02:58:07',NULL,NULL),(46,'分页查询学生信息',1,1,'无','2023-04-11 02:58:56',NULL,NULL),(47,'分页查询学生信息',1,1,'无','2023-04-11 03:00:51',NULL,NULL),(48,'分页查询学生信息',1,1,'无','2023-04-11 03:02:12',NULL,NULL),(49,'分页查询学生信息',1,1,'无','2023-04-11 03:02:16',NULL,NULL),(50,'分页查询学生信息',1,1,'无','2023-04-11 03:02:17',NULL,NULL),(51,'分页查询学生信息',1,1,'无','2023-04-11 03:02:17',NULL,NULL),(52,'分页查询学生信息',1,1,'无','2023-04-11 03:02:17',NULL,NULL),(53,'分页查询学生信息',1,1,'无','2023-04-11 03:02:17',NULL,NULL),(54,'分页查询学生信息',1,1,'无','2023-04-11 03:03:05',NULL,NULL),(55,'分页查询学生信息',1,1,'无','2023-04-11 03:04:29',NULL,NULL),(56,'分页查询学生信息',1,1,'无','2023-04-11 03:05:10',NULL,NULL),(57,'分页查询学生信息',1,1,'无','2023-04-11 03:05:14',NULL,NULL),(58,'分页查询学生信息',1,1,'无','2023-04-11 03:08:10',NULL,NULL),(59,'分页查询学生信息',1,1,'无','2023-04-11 03:08:15',NULL,NULL),(60,'分页查询学生信息',1,1,'无','2023-04-11 03:08:25',NULL,NULL),(61,'分页查询学生信息',1,1,'无','2023-04-11 03:08:36',NULL,NULL),(62,'分页查询学生信息',1,1,'无','2023-04-11 03:08:39',NULL,NULL),(63,'分页查询学生信息',1,1,'无','2023-04-11 03:08:49',NULL,NULL),(64,'分页查询学生信息',1,1,'无','2023-04-11 03:08:56',NULL,NULL),(65,'分页查询学生信息',1,1,'无','2023-04-11 03:09:01',NULL,NULL),(66,'分页查询学生信息',1,1,'无','2023-04-11 03:09:08',NULL,NULL),(67,'分页查询学生信息',1,1,'无','2023-04-11 03:12:21',NULL,NULL),(68,'分页查询学生信息',1,1,'无','2023-04-11 03:12:23',NULL,NULL),(69,'分页查询学生信息',1,1,'无','2023-04-11 03:12:25',NULL,NULL),(70,'分页查询学生信息',1,1,'无','2023-04-11 03:12:38',NULL,NULL),(71,'分页查询学生信息',1,1,'无','2023-04-11 03:12:40',NULL,NULL),(72,'分页查询学生信息',1,1,'无','2023-04-11 03:12:43',NULL,NULL),(73,'分页查询学生信息',1,1,'无','2023-04-11 03:15:04',NULL,NULL),(74,'分页查询学生信息',1,1,'无','2023-04-11 03:15:09',NULL,NULL),(75,'分页查询学生信息',1,1,'无','2023-04-11 03:15:17',NULL,NULL),(76,'分页查询学生信息',1,1,'无','2023-04-11 03:21:13',NULL,NULL),(77,'分页查询学生信息',1,1,'无','2023-04-11 03:22:28',NULL,NULL),(78,'分页查询学生信息',1,1,'无','2023-04-11 03:23:16',NULL,NULL),(79,'分页查询学生信息',1,1,'无','2023-04-11 03:24:01',NULL,NULL),(80,'分页查询学生信息',1,1,'无','2023-04-11 03:24:48',NULL,NULL),(81,'分页查询学生信息',1,1,'无','2023-04-11 03:36:23',NULL,NULL),(82,'分页查询学生信息',1,1,'无','2023-04-11 03:37:59',NULL,NULL),(83,'分页查询学生信息',1,1,'无','2023-04-11 03:38:33',NULL,NULL),(84,'分页查询学生信息',1,1,'无','2023-04-11 03:41:17',NULL,NULL),(85,'分页查询学生信息',1,1,'无','2023-04-11 03:42:56',NULL,NULL),(86,'分页查询学生信息',1,1,'无','2023-04-11 03:44:12',NULL,NULL),(87,'分页查询学生信息',1,1,'无','2023-04-11 03:44:45',NULL,NULL),(88,'分页查询学生信息',1,1,'无','2023-04-11 03:45:32',NULL,NULL),(89,'分页查询学生信息',1,1,'无','2023-04-11 03:45:40',NULL,NULL),(90,'分页查询学生信息',1,1,'无','2023-04-11 07:08:19',NULL,NULL),(91,'分页查询学生信息',1,1,'无','2023-04-11 07:09:37',NULL,NULL),(92,'分页查询学生信息',1,1,'无','2023-04-11 07:23:43',NULL,NULL),(93,'分页查询学生信息',1,1,'无','2023-04-11 07:25:42',NULL,NULL),(94,'分页查询学生信息',1,1,'无','2023-04-11 07:27:55',NULL,NULL),(95,'分页查询学生信息',1,1,'无','2023-04-11 07:35:37',NULL,NULL),(96,'分页查询学生信息',1,1,'无','2023-04-11 07:54:18',NULL,NULL),(97,'分页查询学生信息',1,1,'无','2023-04-11 07:55:33',NULL,NULL),(98,'分页查询学生信息',1,1,'无','2023-04-11 07:57:26',NULL,NULL),(99,'分页查询学生信息',1,1,'无','2023-04-11 08:03:41',NULL,NULL),(100,'更新学生信息',1,1,'无','2023-04-11 08:04:05',NULL,NULL),(101,'分页查询学生信息',1,1,'无','2023-04-11 08:07:32',NULL,NULL),(102,'更新学生信息',1,1,'无','2023-04-11 08:08:09',NULL,NULL),(103,'分页查询学生信息',1,1,'无','2023-04-11 08:08:09',NULL,NULL),(104,'分页查询学生信息',1,1,'无','2023-04-11 08:14:46',NULL,NULL),(105,'分页查询学生信息',1,1,'无','2023-04-11 08:14:55',NULL,NULL),(106,'分页查询学生信息',1,1,'无','2023-04-11 08:23:53',NULL,NULL),(107,'分页查询学生信息',1,1,'无','2023-04-11 08:27:19',NULL,NULL),(108,'更新学生信息',1,1,'无','2023-04-11 08:27:43',NULL,NULL),(109,'分页查询学生信息',1,1,'无','2023-04-11 08:27:43',NULL,NULL),(110,'分页查询学生信息',1,1,'无','2023-04-11 08:43:25',NULL,NULL),(111,'分页查询学生信息',1,1,'无','2023-04-11 08:43:51',NULL,NULL),(112,'分页查询学生信息',1,1,'无','2023-04-11 09:24:00',NULL,NULL),(113,'更新学生信息',1,1,'无','2023-04-11 09:24:19',NULL,NULL),(114,'分页查询学生信息',1,1,'无','2023-04-11 09:24:19',NULL,NULL),(115,'分页查询学生信息',1,1,'无','2023-04-11 09:52:44',NULL,NULL),(116,'用户注册信息',1,1,'无','2023-04-11 09:56:22',NULL,NULL),(117,'分页查询学生信息',1,1,'无','2023-04-11 09:59:30',NULL,NULL),(118,'用户注册信息',1,1,'无','2023-04-11 09:59:45',NULL,NULL),(119,'用户注册信息',1,1,'无','2023-04-11 09:59:51',NULL,NULL),(120,'用户注册信息',1,1,'无','2023-04-11 10:02:42',NULL,NULL),(121,'用户注册信息',1,1,'无','2023-04-11 10:03:14',NULL,NULL),(122,'分页查询学生信息',1,1,'无','2023-04-11 10:24:49',NULL,NULL),(123,'分页查询学生信息',1,1,'无','2023-04-11 10:27:28',NULL,NULL),(124,'用户注册信息',1,1,'无','2023-04-11 10:28:23',NULL,NULL),(125,'分页查询学生信息',1,1,'无','2023-04-11 10:32:44',NULL,NULL),(126,'用户注册信息',1,1,'无','2023-04-11 10:33:50',NULL,NULL),(131,'分页查询学生信息',1,1,'无','2023-04-12 05:39:09',NULL,NULL),(132,'分页查询学生信息',1,1,'无','2023-04-12 05:46:10',NULL,NULL),(133,'分页查询学生信息',1,1,'无','2023-04-12 05:46:23',NULL,NULL),(134,'分页查询学生信息',1,1,'无','2023-04-12 05:50:56',NULL,NULL),(135,'分页查询学生信息',1,1,'无','2023-04-12 05:50:57',NULL,NULL),(136,'分页查询学生信息',1,1,'无','2023-04-12 05:51:06',NULL,NULL),(137,'分页查询学生信息',1,1,'无','2023-04-12 05:51:08',NULL,NULL),(138,'分页查询学生信息',1,1,'无','2023-04-12 06:17:15',NULL,NULL),(139,'分页查询学生信息',1,1,'无','2023-04-12 06:18:32',NULL,NULL),(140,'分页查询学生信息',1,1,'无','2023-04-12 06:20:38',NULL,NULL),(141,'分页查询学生信息',1,1,'无','2023-04-12 06:40:56',NULL,NULL),(142,'分页查询学生信息',1,1,'无','2023-04-12 06:45:45',NULL,NULL),(143,'分页查询学生信息',1,1,'无','2023-04-12 06:47:18',NULL,NULL),(144,'分页查询学生信息',1,1,'无','2023-04-12 06:47:20',NULL,NULL),(145,'分页查询学生信息',1,1,'无','2023-04-12 06:47:23',NULL,NULL),(146,'分页查询学生信息',1,1,'无','2023-04-12 06:47:28',NULL,NULL),(149,'分页查询学生信息',1,1,'无','2023-04-12 07:47:57',NULL,NULL),(150,'分页查询学生信息',1,1,'无','2023-04-12 07:48:06',NULL,NULL),(151,'分页查询学生信息',1,1,'无','2023-04-12 07:49:00',NULL,NULL),(152,'分页查询学生信息',1,1,'无','2023-04-12 07:49:04',NULL,NULL),(153,'分页查询学生信息',1,1,'无','2023-04-12 07:49:06',NULL,NULL),(154,'分页查询学生信息',1,1,'无','2023-04-12 07:49:08',NULL,NULL),(155,'分页查询学生信息',1,1,'无','2023-04-12 07:49:13',NULL,NULL),(156,'分页查询学生信息',1,1,'无','2023-04-12 07:49:13',NULL,NULL),(157,'分页查询学生信息',1,1,'无','2023-04-12 07:49:14',NULL,NULL),(158,'分页查询学生信息',1,1,'无','2023-04-12 07:49:14',NULL,NULL),(159,'分页查询学生信息',1,1,'无','2023-04-12 07:49:14',NULL,NULL),(160,'分页查询学生信息',1,1,'无','2023-04-12 07:52:20',NULL,NULL),(161,'分页查询学生信息',1,1,'无','2023-04-12 07:52:24',NULL,NULL),(162,'分页查询学生信息',1,1,'无','2023-04-12 07:52:27',NULL,NULL),(163,'分页查询学生信息',1,1,'无','2023-04-12 07:52:28',NULL,NULL),(164,'分页查询学生信息',1,1,'无','2023-04-12 07:52:29',NULL,NULL),(165,'分页查询学生信息',1,1,'无','2023-04-12 07:52:29',NULL,NULL),(166,'分页查询学生信息',1,1,'无','2023-04-12 07:52:29',NULL,NULL),(167,'分页查询学生信息',1,1,'无','2023-04-12 07:52:32',NULL,NULL),(168,'分页查询学生信息',1,1,'无','2023-04-12 07:52:33',NULL,NULL),(169,'分页查询学生信息',1,1,'无','2023-04-12 07:52:36',NULL,NULL),(170,'分页查询学生信息',1,1,'无','2023-04-12 07:52:38',NULL,NULL),(171,'分页查询学生信息',1,1,'无','2023-04-12 07:52:39',NULL,NULL),(172,'分页查询学生信息',1,1,'无','2023-04-12 07:52:40',NULL,NULL),(173,'分页查询学生信息',1,1,'无','2023-04-12 07:52:40',NULL,NULL),(174,'分页查询学生信息',1,1,'无','2023-04-12 07:52:41',NULL,NULL),(175,'分页查询学生信息',1,1,'无','2023-04-12 07:52:42',NULL,NULL),(176,'分页查询学生信息',1,1,'无','2023-04-12 07:52:43',NULL,NULL),(177,'分页查询学生信息',1,1,'无','2023-04-12 07:52:44',NULL,NULL),(178,'分页查询学生信息',1,1,'无','2023-04-12 08:09:58',NULL,NULL),(179,'分页查询学生信息',1,1,'无','2023-04-12 08:10:01',NULL,NULL),(180,'分页查询学生信息',1,1,'无','2023-04-12 08:10:03',NULL,NULL),(181,'分页查询学生信息',1,1,'无','2023-04-12 08:10:20',NULL,NULL),(182,'分页查询学生信息',1,1,'无','2023-04-12 08:10:21',NULL,NULL),(183,'分页查询学生信息',1,1,'无','2023-04-12 08:10:23',NULL,NULL),(184,'分页查询学生信息',1,1,'无','2023-04-12 08:10:26',NULL,NULL),(185,'分页查询学生信息',1,1,'无','2023-04-12 08:10:30',NULL,NULL),(186,'分页查询学生信息',1,1,'无','2023-04-12 08:10:31',NULL,NULL),(187,'分页查询学生信息',1,1,'无','2023-04-12 08:10:37',NULL,NULL),(188,'分页查询学生信息',1,1,'无','2023-04-12 08:10:43',NULL,NULL),(189,'分页查询学生信息',1,1,'无','2023-04-12 08:10:52',NULL,NULL),(190,'分页查询学生信息',1,1,'无','2023-04-12 08:11:05',NULL,NULL),(191,'分页查询学生信息',1,1,'无','2023-04-12 08:16:04',NULL,NULL),(192,'分页查询学生信息',1,1,'无','2023-04-12 08:16:06',NULL,NULL),(193,'分页查询学生信息',1,1,'无','2023-04-12 09:03:15',NULL,NULL),(194,'分页查询学生信息',1,1,'无','2023-04-12 09:03:26',NULL,NULL),(195,'分页查询学生信息',1,1,'无','2023-04-12 09:05:11',NULL,NULL),(196,'分页查询学生信息',1,1,'无','2023-04-12 09:05:16',NULL,NULL),(197,'分页查询学生信息',1,1,'无','2023-04-12 09:07:29',NULL,NULL),(198,'分页查询学生信息',1,1,'无','2023-04-12 09:07:36',NULL,NULL),(199,'分页查询学生信息',1,1,'无','2023-04-12 09:08:01',NULL,NULL),(200,'分页查询学生信息',1,1,'无','2023-04-12 09:14:18',NULL,NULL),(201,'分页查询学生信息',1,1,'无','2023-04-12 09:14:20',NULL,NULL),(202,'分页查询学生信息',1,1,'无','2023-04-12 09:14:24',NULL,NULL),(203,'分页查询学生信息',1,1,'无','2023-04-12 09:16:25',NULL,NULL),(204,'分页查询学生信息',1,1,'无','2023-04-12 09:16:27',NULL,NULL),(205,'分页查询学生信息',1,1,'无','2023-04-12 09:16:30',NULL,NULL),(206,'分页查询学生信息',1,1,'无','2023-04-12 09:19:46',NULL,NULL),(207,'分页查询学生信息',1,1,'无','2023-04-12 09:19:57',NULL,NULL),(208,'分页查询学生信息',1,1,'无','2023-04-12 09:22:43',NULL,NULL),(209,'分页查询学生信息',1,1,'无','2023-04-12 09:22:47',NULL,NULL),(210,'分页查询学生信息',1,1,'无','2023-04-12 09:22:50',NULL,NULL),(211,'分页查询学生信息',1,1,'无','2023-04-12 09:25:18',NULL,NULL),(212,'分页查询学生信息',1,1,'无','2023-04-12 09:25:19',NULL,NULL),(213,'分页查询学生信息',1,1,'无','2023-04-12 09:25:23',NULL,NULL),(214,'分页查询学生信息',1,1,'无','2023-04-12 09:49:05',NULL,NULL),(215,'分页查询学生信息',1,1,'无','2023-04-12 09:49:09',NULL,NULL),(216,'分页查询学生信息',1,1,'无','2023-04-12 09:49:29',NULL,NULL),(217,'分页查询学生信息',1,1,'无','2023-04-12 09:49:32',NULL,NULL),(218,'分页查询学生信息',1,1,'无','2023-04-12 09:49:35',NULL,NULL),(219,'分页查询学生信息',1,1,'无','2023-04-12 09:50:57',NULL,NULL),(220,'分页查询学生信息',1,1,'无','2023-04-12 09:51:00',NULL,NULL),(221,'分页查询学生信息',1,1,'无','2023-04-12 09:51:07',NULL,NULL),(222,'分页查询学生信息',1,1,'无','2023-04-12 09:51:10',NULL,NULL),(223,'分页查询学生信息',1,1,'无','2023-04-12 09:51:18',NULL,NULL),(224,'分页查询学生信息',1,1,'无','2023-04-12 09:51:20',NULL,NULL),(225,'分页查询学生信息',1,1,'无','2023-04-12 09:51:39',NULL,NULL),(226,'分页查询学生信息',1,1,'无','2023-04-12 09:58:56',NULL,NULL),(227,'分页查询学生信息',1,1,'无','2023-04-12 09:59:01',NULL,NULL),(228,'分页查询学生信息',1,1,'无','2023-04-12 09:59:05',NULL,NULL),(229,'分页查询学生信息',1,1,'无','2023-04-12 09:59:10',NULL,NULL),(230,'分页查询学生信息',1,1,'无','2023-04-12 09:59:13',NULL,NULL),(231,'分页查询学生信息',1,1,'无','2023-04-12 09:59:18',NULL,NULL),(232,'分页查询学生信息',1,1,'无','2023-04-12 09:59:29',NULL,NULL),(233,'分页查询学生信息',1,1,'无','2023-04-12 10:00:36',NULL,NULL),(234,'分页查询学生信息',1,1,'无','2023-04-12 10:00:41',NULL,NULL),(235,'分页查询学生信息',1,1,'无','2023-04-12 10:00:43',NULL,NULL),(236,'分页查询学生信息',1,1,'无','2023-04-12 10:01:33',NULL,NULL),(237,'分页查询学生信息',1,1,'无','2023-04-12 10:02:50',NULL,NULL),(238,'分页查询学生信息',1,1,'无','2023-04-12 10:02:52',NULL,NULL),(239,'分页查询学生信息',1,1,'无','2023-04-12 10:03:12',NULL,NULL),(240,'分页查询学生信息',1,1,'无','2023-04-12 10:03:24',NULL,NULL),(241,'分页查询学生信息',1,1,'无','2023-04-12 10:03:57',NULL,NULL),(242,'分页查询学生信息',1,1,'无','2023-04-12 10:05:04',NULL,NULL),(243,'分页查询学生信息',1,1,'无','2023-04-12 10:05:14',NULL,NULL),(244,'分页查询学生信息',1,1,'无','2023-04-12 10:05:23',NULL,NULL),(245,'分页查询学生信息',1,1,'无','2023-04-12 10:16:52',NULL,NULL),(246,'分页查询学生信息',1,1,'无','2023-04-12 10:17:02',NULL,NULL),(247,'分页查询学生信息',1,1,'无','2023-04-12 10:17:04',NULL,NULL),(248,'分页查询学生信息',1,1,'无','2023-04-12 10:17:05',NULL,NULL),(249,'分页查询学生信息',1,1,'无','2023-04-12 10:22:07',NULL,NULL),(250,'分页查询学生信息',1,1,'无','2023-04-12 10:22:47',NULL,NULL),(251,'分页查询学生信息',1,1,'无','2023-04-12 10:22:50',NULL,NULL),(252,'分页查询学生信息',1,1,'无','2023-04-12 10:22:56',NULL,NULL),(253,'分页查询学生信息',1,1,'无','2023-04-12 10:59:20',NULL,NULL),(254,'分页查询学生信息',1,1,'无','2023-04-12 11:01:59',NULL,NULL),(255,'分页查询学生信息',1,1,'无','2023-04-12 11:02:01',NULL,NULL),(256,'分页查询学生信息',1,1,'无','2023-04-12 11:02:04',NULL,NULL),(257,'分页查询学生信息',1,1,'无','2023-04-12 11:02:06',NULL,NULL),(258,'分页查询学生信息',1,1,'无','2023-04-12 11:02:07',NULL,NULL),(259,'分页查询学生信息',1,1,'无','2023-04-12 11:02:08',NULL,NULL),(260,'分页查询学生信息',1,1,'无','2023-04-12 11:02:08',NULL,NULL),(261,'分页查询学生信息',1,1,'无','2023-04-12 11:02:09',NULL,NULL),(262,'分页查询学生信息',1,1,'无','2023-04-12 11:02:12',NULL,NULL),(263,'分页查询学生信息',1,1,'无','2023-04-12 11:02:13',NULL,NULL),(264,'分页查询学生信息',1,1,'无','2023-04-12 11:02:13',NULL,NULL),(265,'分页查询学生信息',1,1,'无','2023-04-12 11:02:14',NULL,NULL),(266,'分页查询学生信息',1,1,'无','2023-04-12 11:02:14',NULL,NULL),(267,'分页查询学生信息',1,1,'无','2023-04-12 11:02:18',NULL,NULL),(268,'分页查询学生信息',1,1,'无','2023-04-12 11:03:50',NULL,NULL),(269,'分页查询学生信息',1,1,'无','2023-04-12 11:03:52',NULL,NULL),(270,'分页查询学生信息',1,1,'无','2023-04-12 11:03:52',NULL,NULL),(271,'分页查询学生信息',1,1,'无','2023-04-12 11:03:55',NULL,NULL),(272,'分页查询学生信息',1,1,'无','2023-04-12 11:03:58',NULL,NULL),(273,'分页查询学生信息',1,1,'无','2023-04-12 11:03:58',NULL,NULL),(274,'分页查询学生信息',1,1,'无','2023-04-12 11:03:58',NULL,NULL),(275,'分页查询学生信息',1,1,'无','2023-04-12 11:04:25',NULL,NULL),(276,'分页查询学生信息',1,1,'无','2023-04-12 11:04:31',NULL,NULL),(277,'分页查询学生信息',1,1,'无','2023-04-12 11:04:31',NULL,NULL),(278,'分页查询学生信息',1,1,'无','2023-04-12 11:04:31',NULL,NULL),(279,'分页查询学生信息',1,1,'无','2023-04-12 11:05:22',NULL,NULL),(280,'分页查询学生信息',1,1,'无','2023-04-12 11:05:29',NULL,NULL),(281,'分页查询学生信息',1,1,'无','2023-04-12 11:05:41',NULL,NULL),(282,'分页查询学生信息',1,1,'无','2023-04-12 11:05:53',NULL,NULL),(283,'分页查询学生信息',1,1,'无','2023-04-12 11:06:01',NULL,NULL),(284,'分页查询学生信息',1,1,'无','2023-04-12 11:06:17',NULL,NULL),(285,'分页查询学生信息',1,1,'无','2023-04-12 11:06:50',NULL,NULL),(286,'分页查询学生信息',1,1,'无','2023-04-12 11:06:52',NULL,NULL),(287,'分页查询学生信息',1,1,'无','2023-04-12 11:06:54',NULL,NULL),(288,'分页查询学生信息',1,1,'无','2023-04-12 11:06:55',NULL,NULL),(289,'分页查询学生信息',1,1,'无','2023-04-12 11:08:02',NULL,NULL),(290,'分页查询学生信息',1,1,'无','2023-04-12 11:08:10',NULL,NULL),(291,'分页查询学生信息',1,1,'无','2023-04-12 11:08:23',NULL,NULL),(292,'分页查询学生信息',1,1,'无','2023-04-12 11:08:28',NULL,NULL),(293,'分页查询学生信息',1,1,'无','2023-04-12 11:08:34',NULL,NULL),(294,'分页查询学生信息',1,1,'无','2023-04-12 11:12:11',NULL,NULL),(295,'分页查询学生信息',1,1,'无','2023-04-12 11:12:15',NULL,NULL),(296,'分页查询学生信息',1,1,'无','2023-04-12 11:19:45',NULL,NULL),(297,'分页查询学生信息',1,1,'无','2023-04-12 11:19:47',NULL,NULL),(298,'分页查询学生信息',1,1,'无','2023-04-12 11:19:49',NULL,NULL),(299,'分页查询学生信息',1,1,'无','2023-04-12 11:19:50',NULL,NULL),(300,'分页查询学生信息',1,1,'无','2023-04-12 11:22:32',NULL,NULL),(301,'分页查询学生信息',1,1,'无','2023-04-12 11:22:37',NULL,NULL),(302,'分页查询学生信息',1,1,'无','2023-04-12 11:22:42',NULL,NULL),(303,'分页查询学生信息',1,1,'无','2023-04-12 11:22:45',NULL,NULL),(304,'分页查询学生信息',1,1,'无','2023-04-12 11:25:47',NULL,NULL),(305,'分页查询学生信息',1,1,'无','2023-04-12 11:25:49',NULL,NULL),(306,'分页查询学生信息',1,1,'无','2023-04-12 11:25:50',NULL,NULL),(307,'分页查询学生信息',1,1,'无','2023-04-12 11:25:53',NULL,NULL),(308,'分页查询学生信息',1,1,'无','2023-04-12 11:25:54',NULL,NULL),(309,'分页查询学生信息',1,1,'无','2023-04-12 11:25:56',NULL,NULL),(310,'分页查询学生信息',1,1,'无','2023-04-12 11:25:58',NULL,NULL),(311,'分页查询学生信息',1,1,'无','2023-04-12 11:26:02',NULL,NULL),(312,'分页查询学生信息',1,1,'无','2023-04-12 11:26:03',NULL,NULL),(313,'分页查询学生信息',1,1,'无','2023-04-12 11:26:04',NULL,NULL),(314,'分页查询学生信息',1,1,'无','2023-04-12 11:26:05',NULL,NULL),(315,'分页查询学生信息',1,1,'无','2023-04-12 11:26:07',NULL,NULL),(316,'分页查询学生信息',1,1,'无','2023-04-12 12:03:53',NULL,NULL),(317,'分页查询学生信息',1,1,'无','2023-04-12 12:03:59',NULL,NULL),(318,'分页查询学生信息',1,1,'无','2023-04-12 12:04:00',NULL,NULL),(319,'分页查询学生信息',1,1,'无','2023-04-12 12:04:04',NULL,NULL),(320,'分页查询学生信息',1,1,'无','2023-04-12 12:04:06',NULL,NULL),(321,'分页查询学生信息',1,1,'无','2023-04-12 12:04:07',NULL,NULL),(322,'分页查询学生信息',1,1,'无','2023-04-13 15:26:50',NULL,NULL),(323,'分页查询学生信息',1,1,'无','2023-04-13 15:26:58',NULL,NULL),(324,'分页查询学生信息',1,1,'无','2023-04-13 15:26:59',NULL,NULL),(325,'分页查询学生信息',1,1,'无','2023-04-13 15:26:59',NULL,NULL),(326,'分页查询学生信息',1,1,'无','2023-04-13 15:27:00',NULL,NULL),(327,'分页查询学生信息',1,1,'无','2023-04-13 15:27:00',NULL,NULL),(328,'分页查询学生信息',1,1,'无','2023-04-13 15:29:15',NULL,NULL),(329,'分页查询学生信息',1,1,'无','2023-04-14 01:32:03',NULL,NULL),(330,'分页查询学生信息',1,1,'无','2023-04-14 01:32:28',NULL,NULL),(331,'分页查询学生信息',1,1,'无','2023-04-14 01:32:32',NULL,NULL),(332,'分页查询学生信息',1,1,'无','2023-04-14 01:32:33',NULL,NULL),(333,'分页查询学生信息',1,1,'无','2023-04-14 01:33:45',NULL,NULL),(334,'分页查询学生信息',1,1,'无','2023-04-14 01:33:49',NULL,NULL),(335,'分页查询学生信息',1,1,'无','2023-04-14 01:33:53',NULL,NULL),(336,'分页查询学生信息',1,1,'无','2023-04-14 01:55:18',NULL,NULL),(337,'分页查询学生信息',1,1,'无','2023-04-14 02:02:41',NULL,NULL),(338,'分页查询学生信息',1,1,'无','2023-04-14 02:03:40',NULL,NULL),(339,'分页查询学生信息',1,1,'无','2023-04-14 02:04:31',NULL,NULL),(340,'分页查询学生信息',1,1,'无','2023-04-14 02:11:02',NULL,NULL),(341,'分页查询学生信息',1,1,'无','2023-04-14 02:12:31',NULL,NULL),(342,'分页查询学生信息',1,1,'无','2023-04-14 02:15:43',NULL,NULL),(343,'分页查询学生信息',1,1,'无','2023-04-14 02:22:11',NULL,NULL),(344,'分页查询学生信息',1,1,'无','2023-04-14 02:23:24',NULL,NULL),(345,'分页查询学生信息',1,1,'无','2023-04-14 02:23:33',NULL,NULL),(346,'分页查询学生信息',1,1,'无','2023-04-14 02:23:36',NULL,NULL),(347,'分页查询学生信息',1,1,'无','2023-04-14 02:32:47',NULL,NULL),(348,'分页查询学生信息',1,1,'无','2023-04-14 02:40:52',NULL,NULL),(349,'分页查询学生信息',1,1,'无','2023-04-14 02:47:12',NULL,NULL),(350,'分页查询学生信息',1,1,'无','2023-04-14 02:47:16',NULL,NULL),(351,'分页查询学生信息',1,1,'无','2023-04-14 02:59:32',NULL,NULL),(352,'分页查询学生信息',1,1,'无','2023-04-14 02:59:38',NULL,NULL),(353,'分页查询学生信息',1,1,'无','2023-04-14 02:59:56',NULL,NULL),(354,'分页查询学生信息',1,1,'无','2023-04-14 03:01:01',NULL,NULL),(355,'分页查询学生信息',1,1,'无','2023-04-14 03:01:02',NULL,NULL),(356,'分页查询学生信息',1,1,'无','2023-04-14 03:01:04',NULL,NULL),(357,'分页查询学生信息',1,1,'无','2023-04-14 03:01:05',NULL,NULL),(358,'分页查询学生信息',1,1,'无','2023-04-14 03:01:06',NULL,NULL),(359,'分页查询学生信息',1,1,'无','2023-04-14 03:01:07',NULL,NULL),(360,'分页查询学生信息',1,1,'无','2023-04-14 03:01:31',NULL,NULL),(361,'分页查询学生信息',1,1,'无','2023-04-14 03:01:43',NULL,NULL),(362,'分页查询学生信息',1,1,'无','2023-04-14 03:02:33',NULL,NULL),(363,'分页查询学生信息',1,1,'无','2023-04-14 03:02:35',NULL,NULL),(364,'分页查询学生信息',1,1,'无','2023-04-14 03:02:40',NULL,NULL),(365,'分页查询学生信息',1,1,'无','2023-04-14 03:10:47',NULL,NULL),(366,'分页查询学生信息',1,1,'无','2023-04-14 03:10:53',NULL,NULL),(367,'分页查询学生信息',1,1,'无','2023-04-14 03:11:08',NULL,NULL),(368,'分页查询学生信息',1,1,'无','2023-04-14 03:11:20',NULL,NULL),(369,'分页查询学生信息',1,1,'无','2023-04-14 03:11:23',NULL,NULL),(370,'分页查询学生信息',1,1,'无','2023-04-14 03:12:34',NULL,NULL),(371,'分页查询学生信息',1,1,'无','2023-04-14 03:12:40',NULL,NULL),(372,'分页查询学生信息',1,1,'无','2023-04-14 03:15:03',NULL,NULL),(373,'分页查询学生信息',1,1,'无','2023-04-14 03:15:17',NULL,NULL),(374,'分页查询学生信息',1,1,'无','2023-04-14 03:15:53',NULL,NULL),(375,'分页查询学生信息',1,1,'无','2023-04-14 03:17:26',NULL,NULL),(376,'分页查询学生信息',1,1,'无','2023-04-14 03:18:56',NULL,NULL),(377,'分页查询学生信息',1,1,'无','2023-04-14 03:18:58',NULL,NULL),(378,'分页查询学生信息',1,1,'无','2023-04-14 03:19:03',NULL,NULL),(379,'分页查询学生信息',1,1,'无','2023-04-14 03:20:38',NULL,NULL),(380,'分页查询学生信息',1,1,'无','2023-04-14 03:20:45',NULL,NULL),(381,'分页查询学生信息',1,1,'无','2023-04-14 03:22:52',NULL,NULL),(382,'分页查询学生信息',1,1,'无','2023-04-14 03:22:55',NULL,NULL),(383,'分页查询学生信息',1,1,'无','2023-04-14 03:28:20',NULL,NULL),(384,'分页查询学生信息',1,1,'无','2023-04-14 03:34:27',NULL,NULL),(385,'分页查询学生信息',1,1,'无','2023-04-14 03:37:54',NULL,NULL),(386,'分页查询学生信息',1,1,'无','2023-04-14 03:38:44',NULL,NULL),(387,'分页查询学生信息',1,1,'无','2023-04-14 03:40:31',NULL,NULL),(388,'分页查询学生信息',1,1,'无','2023-04-14 03:43:26',NULL,NULL),(389,'分页查询学生信息',1,1,'无','2023-04-14 03:46:12',NULL,NULL),(390,'分页查询学生信息',1,1,'无','2023-04-14 04:05:28',NULL,NULL),(391,'分页查询学生信息',1,1,'无','2023-04-14 04:07:09',NULL,NULL),(392,'分页查询学生信息',1,1,'无','2023-04-14 04:07:14',NULL,NULL),(393,'分页查询学生信息',1,1,'无','2023-04-14 04:08:24',NULL,NULL),(394,'分页查询学生信息',1,1,'无','2023-04-14 04:08:33',NULL,NULL),(395,'分页查询学生信息',1,1,'无','2023-04-14 04:08:45',NULL,NULL),(396,'分页查询学生信息',1,1,'无','2023-04-14 04:08:57',NULL,NULL),(397,'分页查询学生信息',1,1,'无','2023-04-14 04:09:02',NULL,NULL),(398,'分页查询学生信息',1,1,'无','2023-04-14 04:09:07',NULL,NULL),(399,'分页查询学生信息',1,1,'无','2023-04-14 04:09:14',NULL,NULL),(400,'分页查询学生信息',1,1,'无','2023-04-14 04:09:17',NULL,NULL),(401,'分页查询学生信息',1,1,'无','2023-04-14 04:15:18',NULL,NULL),(402,'分页查询学生信息',1,1,'无','2023-04-14 04:15:22',NULL,NULL),(403,'分页查询学生信息',1,1,'无','2023-04-14 04:15:31',NULL,NULL),(404,'分页查询学生信息',1,1,'无','2023-04-14 04:16:59',NULL,NULL),(405,'分页查询学生信息',1,1,'无','2023-04-14 04:17:05',NULL,NULL),(406,'分页查询学生信息',1,1,'无','2023-04-14 04:17:06',NULL,NULL),(407,'分页查询学生信息',1,1,'无','2023-04-14 04:19:25',NULL,NULL),(408,'分页查询学生信息',1,1,'无','2023-04-14 04:19:30',NULL,NULL),(409,'分页查询学生信息',1,1,'无','2023-04-14 04:19:35',NULL,NULL),(410,'分页查询学生信息',1,1,'无','2023-04-14 04:19:40',NULL,NULL),(411,'分页查询学生信息',1,1,'无','2023-04-14 04:19:50',NULL,NULL),(412,'分页查询学生信息',1,1,'无','2023-04-14 04:19:51',NULL,NULL),(413,'分页查询学生信息',1,1,'无','2023-04-14 04:19:51',NULL,NULL),(414,'分页查询学生信息',1,1,'无','2023-04-14 04:19:53',NULL,NULL),(415,'分页查询学生信息',1,1,'无','2023-04-14 04:19:54',NULL,NULL),(416,'分页查询学生信息',1,1,'无','2023-04-14 04:21:21',NULL,NULL),(417,'分页查询学生信息',1,1,'无','2023-04-14 04:21:29',NULL,NULL),(418,'分页查询学生信息',1,1,'无','2023-04-14 04:22:04',NULL,NULL),(419,'分页查询学生信息',1,1,'无','2023-04-14 04:28:27',NULL,NULL),(420,'分页查询学生信息',1,1,'无','2023-04-14 04:28:32',NULL,NULL),(421,'分页查询学生信息',1,1,'无','2023-04-14 04:28:34',NULL,NULL),(422,'分页查询学生信息',1,1,'无','2023-04-14 04:30:05',NULL,NULL),(423,'分页查询学生信息',1,1,'无','2023-04-14 04:34:29',NULL,NULL),(424,'分页查询学生信息',1,1,'无','2023-04-14 04:35:11',NULL,NULL),(425,'分页查询学生信息',1,1,'无','2023-04-14 04:35:14',NULL,NULL),(426,'分页查询学生信息',1,1,'无','2023-04-14 04:35:17',NULL,NULL),(427,'分页查询学生信息',1,1,'无','2023-04-14 04:37:28',NULL,NULL),(428,'分页查询学生信息',1,1,'无','2023-04-14 04:37:33',NULL,NULL),(429,'分页查询学生信息',1,1,'无','2023-04-14 04:37:35',NULL,NULL),(430,'分页查询学生信息',1,1,'无','2023-04-14 04:37:37',NULL,NULL),(431,'分页查询学生信息',1,1,'无','2023-04-14 05:23:57',NULL,NULL),(432,'分页查询学生信息',1,1,'无','2023-04-14 05:23:59',NULL,NULL),(433,'分页查询学生信息',1,1,'无','2023-04-14 05:24:03',NULL,NULL),(434,'分页查询学生信息',1,1,'无','2023-04-14 05:24:06',NULL,NULL),(435,'分页查询学生信息',1,1,'无','2023-04-14 05:24:13',NULL,NULL),(436,'分页查询学生信息',1,1,'无','2023-04-14 05:24:24',NULL,NULL),(437,'分页查询学生信息',1,1,'无','2023-04-14 05:40:26',NULL,NULL),(438,'分页查询学生信息',1,1,'无','2023-04-14 05:40:28',NULL,NULL),(439,'分页查询学生信息',1,1,'无','2023-04-14 05:40:32',NULL,NULL),(440,'分页查询学生信息',1,1,'无','2023-04-14 05:40:39',NULL,NULL),(441,'分页查询学生信息',1,1,'无','2023-04-14 05:40:42',NULL,NULL),(442,'分页查询学生信息',1,1,'无','2023-04-14 05:40:55',NULL,NULL),(443,'分页查询学生信息',1,1,'无','2023-04-14 06:25:39',NULL,NULL),(444,'分页查询学生信息',1,1,'无','2023-04-14 06:50:42',NULL,NULL),(445,'用户注册信息',1,1,'无','2023-04-14 06:51:22',NULL,NULL),(461,'分页查询学生信息',1,1,'无','2023-04-14 08:22:43',NULL,NULL),(462,'分页查询学生信息',1,1,'无','2023-04-14 08:23:36',NULL,NULL),(463,'分页查询学生信息',1,1,'无','2023-04-14 08:23:41',NULL,NULL),(464,'分页查询学生信息',1,1,'无','2023-04-14 08:23:44',NULL,NULL),(465,'分页查询学生信息',1,1,'无','2023-04-14 08:23:46',NULL,NULL),(466,'分页查询学生信息',1,1,'无','2023-04-14 08:25:28',NULL,NULL),(467,'分页查询学生信息',1,1,'无','2023-04-14 08:25:31',NULL,NULL),(468,'分页查询学生信息',1,1,'无','2023-04-14 08:25:48',NULL,NULL),(469,'分页查询学生信息',1,1,'无','2023-04-14 08:36:03',NULL,NULL),(470,'用户注册信息',1,1,'无','2023-04-14 08:51:43',NULL,NULL),(471,'分页查询学生信息',1,1,'无','2023-04-14 10:20:05',NULL,NULL),(472,'创建管理员',1,1,'无','2023-04-14 10:21:31',NULL,NULL),(473,'创建管理员',1,1,'无','2023-04-14 10:30:13','管理员',NULL),(475,'分页查询学生信息',1,NULL,'无','2023-04-14 10:54:11','管理员',9),(476,'创建管理员',1,NULL,'无','2023-04-14 10:54:23','管理员',9),(477,'分页查询学生信息',1,2,'无','2023-04-14 11:02:00','普通员工',NULL),(478,'分页查询学生信息',1,2,'无','2023-04-14 11:02:27','普通员工',NULL),(479,'分页查询学生信息',1,2,'无','2023-04-14 11:03:49','普通员工',NULL),(480,'分页查询学生信息',1,2,'无','2023-04-14 11:04:02','普通员工',NULL),(481,'分页查询学生信息',1,2,'无','2023-04-14 11:04:06','普通员工',NULL),(482,'分页查询学生信息',1,NULL,'无','2023-04-15 16:19:23','管理员',9),(483,'分页查询学生信息',1,NULL,'无','2023-04-15 16:19:37','管理员',9),(484,'分页查询学生信息',1,NULL,'无','2023-04-15 16:20:52','管理员',9),(485,'分页查询学生信息',1,NULL,'无','2023-04-15 16:25:07','管理员',9),(486,'分页查询学生信息',1,NULL,'无','2023-04-16 04:12:08','管理员',9),(487,'分页查询学生信息',1,NULL,'无','2023-04-16 04:12:14','管理员',9),(488,'分页查询学生信息',1,NULL,'无','2023-04-16 04:12:17','管理员',9),(489,'分页查询学生信息',1,NULL,'无','2023-04-16 04:12:19','管理员',9),(490,'分页查询学生信息',1,NULL,'无','2023-04-16 04:12:22','管理员',9),(491,'分页查询学生信息',1,NULL,'无','2023-04-16 04:29:46','管理员',9),(492,'分页查询学生信息',1,NULL,'无','2023-04-16 05:04:13','管理员',9),(493,'分页查询学生信息',1,NULL,'无','2023-04-16 05:21:27','管理员',9),(494,'分页查询学生信息',1,NULL,'无','2023-04-16 05:21:31','管理员',9),(495,'分页查询学生信息',1,NULL,'无','2023-04-16 06:02:07','管理员',1),(496,'分页查询学生信息',1,NULL,'无','2023-04-16 06:04:04','管理员',1),(497,'分页查询学生信息',1,NULL,'无','2023-04-16 06:07:59','管理员',1),(498,'分页查询学生信息',1,NULL,'无','2023-04-16 06:09:54','管理员',1),(499,'分页查询学生信息',1,NULL,'无','2023-04-16 06:10:45','管理员',1),(500,'分页查询学生信息',1,NULL,'无','2023-04-16 06:11:02','管理员',1),(501,'分页查询学生信息',1,NULL,'无','2023-04-16 06:11:04','管理员',1),(502,'分页查询学生信息',1,NULL,'无','2023-04-16 06:11:06','管理员',1),(503,'分页查询学生信息',1,NULL,'无','2023-04-16 06:11:09','管理员',1),(504,'分页查询学生信息',1,NULL,'无','2023-04-16 06:11:10','管理员',1),(505,'分页查询学生信息',1,NULL,'无','2023-04-16 06:11:15','管理员',1),(506,'分页查询学生信息',1,NULL,'无','2023-04-16 06:11:18','管理员',1),(507,'分页查询学生信息',1,NULL,'无','2023-04-16 06:11:22','管理员',1),(508,'分页查询学生信息',1,NULL,'无','2023-04-16 06:11:23','管理员',1),(509,'分页查询学生信息',1,NULL,'无','2023-04-16 06:11:24','管理员',1),(510,'分页查询学生信息',1,NULL,'无','2023-04-16 06:11:26','管理员',1),(511,'分页查询学生信息',1,NULL,'无','2023-04-16 06:11:27','管理员',1),(512,'分页查询学生信息',1,NULL,'无','2023-04-16 06:11:27','管理员',1),(513,'分页查询学生信息',1,NULL,'无','2023-04-16 06:11:28','管理员',1),(514,'分页查询学生信息',1,NULL,'无','2023-04-16 06:11:28','管理员',1),(515,'分页查询学生信息',1,NULL,'无','2023-04-16 06:11:28','管理员',1),(516,'分页查询学生信息',1,NULL,'无','2023-04-16 06:11:28','管理员',1),(517,'分页查询学生信息',1,NULL,'无','2023-04-16 06:22:29','管理员',1),(518,'分页查询学生信息',1,NULL,'无','2023-04-16 06:40:36','管理员',1),(519,'分页查询学生信息',1,NULL,'无','2023-04-16 06:41:02','管理员',1),(520,'分页查询学生信息',1,NULL,'无','2023-04-16 06:52:22','管理员',1),(521,'分页查询学生信息',1,NULL,'无','2023-04-16 06:59:54','管理员',1),(522,'分页查询学生信息',1,NULL,'无','2023-04-16 07:00:12','管理员',1),(523,'更新学生信息',1,NULL,'无','2023-04-16 07:00:19','管理员',1),(524,'分页查询学生信息',1,NULL,'无','2023-04-16 07:00:19','管理员',1),(526,'分页查询学生信息',1,NULL,'无','2023-04-18 06:32:14','管理员',1),(527,'分页查询学生信息',1,NULL,'无','2023-04-18 06:34:51','管理员',1),(528,'分页查询学生信息',1,NULL,'无','2023-04-18 06:38:54','管理员',1),(529,'分页查询学生信息',1,NULL,'无','2023-04-18 06:38:55','管理员',1),(530,'分页查询学生信息',1,NULL,'无','2023-04-18 06:50:20','管理员',1),(531,'分页查询学生信息',1,NULL,'无','2023-04-18 06:50:20','管理员',1),(532,'分页查询学生信息',1,NULL,'无','2023-04-18 06:50:23','管理员',1),(533,'分页查询学生信息',1,NULL,'无','2023-04-18 06:50:26','管理员',1),(534,'分页查询学生信息',1,NULL,'无','2023-04-18 06:52:17','管理员',1),(535,'分页查询学生信息',1,NULL,'无','2023-04-18 07:03:25','管理员',1),(536,'分页查询学生信息',1,NULL,'无','2023-04-18 07:03:29','管理员',1),(537,'分页查询学生信息',1,NULL,'无','2023-04-18 07:03:33','管理员',1),(538,'分页查询学生信息',1,NULL,'无','2023-04-18 07:03:37','管理员',1),(539,'分页查询学生信息',1,NULL,'无','2023-04-18 07:03:40','管理员',1),(540,'分页查询学生信息',1,NULL,'无','2023-04-18 07:03:43','管理员',1),(541,'分页查询学生信息',1,NULL,'无','2023-04-18 07:03:53','管理员',1),(542,'分页查询学生信息',1,NULL,'无','2023-04-18 07:07:06','管理员',1),(543,'分页查询学生信息',1,NULL,'无','2023-04-18 07:07:11','管理员',1),(544,'分页查询学生信息',1,NULL,'无','2023-04-18 07:07:36','管理员',1),(545,'分页查询学生信息',1,NULL,'无','2023-04-18 07:07:47','管理员',1),(546,'分页查询学生信息',1,NULL,'无','2023-04-18 07:11:30','管理员',1),(547,'分页查询学生信息',1,NULL,'无','2023-04-18 07:11:32','管理员',1),(548,'分页查询学生信息',1,NULL,'无','2023-04-18 07:11:36','管理员',1),(549,'分页查询学生信息',1,NULL,'无','2023-04-18 07:11:38','管理员',1),(550,'分页查询学生信息',1,NULL,'无','2023-04-18 07:11:40','管理员',1),(551,'分页查询学生信息',1,NULL,'无','2023-04-18 07:11:47','管理员',1),(552,'分页查询学生信息',1,NULL,'无','2023-04-18 07:11:50','管理员',1),(553,'分页查询学生信息',1,NULL,'无','2023-04-18 07:12:13','管理员',1),(554,'分页查询学生信息',1,NULL,'无','2023-04-18 07:13:03','管理员',1),(555,'分页查询学生信息',1,NULL,'无','2023-04-18 07:13:05','管理员',1),(556,'分页查询学生信息',1,NULL,'无','2023-04-18 07:13:06','管理员',1),(557,'分页查询学生信息',1,NULL,'无','2023-04-18 07:13:12','管理员',1),(558,'分页查询学生信息',1,NULL,'无','2023-04-18 07:14:08','管理员',1),(559,'分页查询学生信息',1,NULL,'无','2023-04-18 07:14:15','管理员',1),(560,'分页查询学生信息',1,NULL,'无','2023-04-18 07:14:17','管理员',1),(561,'分页查询学生信息',1,NULL,'无','2023-04-18 07:14:18','管理员',1),(562,'分页查询学生信息',1,NULL,'无','2023-04-18 07:14:24','管理员',1),(563,'分页查询学生信息',1,NULL,'无','2023-04-18 07:14:25','管理员',1),(564,'分页查询学生信息',1,NULL,'无','2023-04-18 07:14:35','管理员',1),(565,'分页查询学生信息',1,NULL,'无','2023-04-18 07:14:36','管理员',1),(566,'分页查询学生信息',1,NULL,'无','2023-04-18 07:17:49','管理员',1),(567,'分页查询学生信息',1,NULL,'无','2023-04-18 07:17:57','管理员',1),(568,'分页查询学生信息',1,NULL,'无','2023-04-18 07:17:59','管理员',1),(569,'分页查询学生信息',1,NULL,'无','2023-04-18 07:18:00','管理员',1),(570,'分页查询学生信息',1,NULL,'无','2023-04-18 07:18:01','管理员',1),(571,'分页查询学生信息',1,NULL,'无','2023-04-18 07:18:03','管理员',1),(572,'分页查询学生信息',1,NULL,'无','2023-04-18 07:18:04','管理员',1),(573,'分页查询学生信息',1,NULL,'无','2023-04-18 07:18:04','管理员',1),(574,'分页查询学生信息',1,NULL,'无','2023-04-18 07:18:04','管理员',1),(575,'分页查询学生信息',1,NULL,'无','2023-04-18 07:18:05','管理员',1),(576,'分页查询学生信息',1,NULL,'无','2023-04-18 07:18:08','管理员',1),(577,'分页查询学生信息',1,NULL,'无','2023-04-18 07:18:09','管理员',1),(578,'分页查询学生信息',1,NULL,'无','2023-04-18 07:18:09','管理员',1),(579,'分页查询学生信息',1,NULL,'无','2023-04-18 07:18:12','管理员',1),(580,'分页查询学生信息',1,NULL,'无','2023-04-18 07:18:13','管理员',1),(581,'分页查询学生信息',1,NULL,'无','2023-04-18 07:22:39','管理员',1),(582,'分页查询学生信息',1,NULL,'无','2023-04-18 07:22:44','管理员',1),(583,'分页查询学生信息',1,NULL,'无','2023-04-18 07:22:49','管理员',1),(584,'分页查询学生信息',1,NULL,'无','2023-04-18 07:22:50','管理员',1),(585,'分页查询学生信息',1,NULL,'无','2023-04-18 07:22:51','管理员',1),(586,'分页查询学生信息',1,NULL,'无','2023-04-18 07:23:43','管理员',1),(587,'分页查询学生信息',1,NULL,'无','2023-04-18 07:23:45','管理员',1),(588,'分页查询学生信息',1,NULL,'无','2023-04-18 07:23:46','管理员',1),(589,'分页查询学生信息',1,NULL,'无','2023-04-18 07:23:48','管理员',1),(590,'分页查询学生信息',1,NULL,'无','2023-04-18 07:23:51','管理员',1),(591,'分页查询学生信息',1,NULL,'无','2023-04-18 07:23:53','管理员',1),(592,'分页查询学生信息',1,NULL,'无','2023-04-18 07:23:54','管理员',1),(593,'分页查询学生信息',1,NULL,'无','2023-04-18 07:23:58','管理员',1),(594,'分页查询学生信息',1,NULL,'无','2023-04-18 07:23:59','管理员',1),(595,'分页查询学生信息',1,NULL,'无','2023-04-18 07:24:00','管理员',1),(596,'分页查询学生信息',1,NULL,'无','2023-04-18 07:24:00','管理员',1),(597,'分页查询学生信息',1,NULL,'无','2023-04-18 07:24:01','管理员',1),(598,'分页查询学生信息',1,NULL,'无','2023-04-18 07:24:05','管理员',1),(599,'分页查询学生信息',1,NULL,'无','2023-04-18 07:24:07','管理员',1),(600,'分页查询学生信息',1,NULL,'无','2023-04-18 07:24:07','管理员',1),(601,'分页查询学生信息',1,NULL,'无','2023-04-18 07:24:07','管理员',1),(602,'分页查询学生信息',1,NULL,'无','2023-04-18 07:24:08','管理员',1),(603,'分页查询学生信息',1,NULL,'无','2023-04-18 07:24:09','管理员',1),(604,'分页查询学生信息',1,NULL,'无','2023-04-18 07:26:59','管理员',1),(605,'分页查询学生信息',1,NULL,'无','2023-04-18 07:27:03','管理员',1),(606,'分页查询学生信息',1,NULL,'无','2023-04-18 07:27:04','管理员',1),(607,'分页查询学生信息',1,NULL,'无','2023-04-18 07:27:07','管理员',1),(608,'分页查询学生信息',1,NULL,'无','2023-04-18 07:27:08','管理员',1),(609,'分页查询学生信息',1,NULL,'无','2023-04-18 07:27:09','管理员',1),(610,'分页查询学生信息',1,NULL,'无','2023-04-18 07:27:10','管理员',1),(611,'分页查询学生信息',1,NULL,'无','2023-04-18 07:27:11','管理员',1),(612,'分页查询学生信息',1,NULL,'无','2023-04-18 07:27:16','管理员',1),(613,'分页查询学生信息',1,NULL,'无','2023-04-18 07:27:17','管理员',1),(614,'分页查询学生信息',1,NULL,'无','2023-04-18 07:28:27','管理员',1),(615,'分页查询学生信息',1,NULL,'无','2023-04-18 07:28:33','管理员',1),(616,'分页查询学生信息',1,NULL,'无','2023-04-18 07:28:34','管理员',1),(617,'分页查询学生信息',1,NULL,'无','2023-04-18 07:28:36','管理员',1),(618,'分页查询学生信息',1,NULL,'无','2023-04-18 07:28:37','管理员',1),(619,'分页查询学生信息',1,NULL,'无','2023-04-18 07:28:40','管理员',1),(620,'分页查询学生信息',1,NULL,'无','2023-04-18 07:28:46','管理员',1),(621,'分页查询学生信息',1,NULL,'无','2023-04-18 07:28:57','管理员',1),(622,'分页查询学生信息',1,NULL,'无','2023-04-18 07:29:27','管理员',1),(623,'分页查询学生信息',1,NULL,'无','2023-04-18 07:29:32','管理员',1),(624,'分页查询学生信息',1,NULL,'无','2023-04-18 07:29:36','管理员',1),(625,'分页查询学生信息',1,NULL,'无','2023-04-18 07:29:40','管理员',1),(626,'分页查询学生信息',1,NULL,'无','2023-04-18 07:29:50','管理员',1),(627,'分页查询学生信息',1,NULL,'无','2023-04-18 07:33:47','管理员',1),(628,'分页查询学生信息',1,NULL,'无','2023-04-18 07:33:52','管理员',1),(629,'分页查询学生信息',1,NULL,'无','2023-04-18 07:33:55','管理员',1),(630,'分页查询学生信息',1,NULL,'无','2023-04-18 07:34:02','管理员',1),(631,'分页查询学生信息',1,NULL,'无','2023-04-18 07:34:06','管理员',1),(632,'分页查询学生信息',1,NULL,'无','2023-04-18 07:34:09','管理员',1),(633,'分页查询学生信息',1,NULL,'无','2023-04-18 07:34:13','管理员',1),(634,'分页查询学生信息',1,NULL,'无','2023-04-18 07:34:19','管理员',1),(635,'分页查询学生信息',1,NULL,'无','2023-04-18 07:34:25','管理员',1),(636,'分页查询学生信息',1,NULL,'无','2023-04-18 07:36:17','管理员',1),(637,'分页查询学生信息',1,NULL,'无','2023-04-18 07:36:18','管理员',1),(638,'分页查询学生信息',1,NULL,'无','2023-04-19 06:55:08','管理员',1),(639,'分页查询学生信息',1,NULL,'无','2023-04-19 06:55:21','管理员',1),(640,'分页查询学生信息',1,NULL,'无','2023-04-19 06:55:44','管理员',1),(641,'分页查询学生信息',1,NULL,'无','2023-04-19 06:56:53','管理员',1),(642,'分页查询学生信息',1,NULL,'无','2023-04-19 06:56:56','管理员',1),(643,'分页查询学生信息',1,NULL,'无','2023-04-19 06:56:59','管理员',1),(644,'分页查询学生信息',1,NULL,'无','2023-04-19 06:57:04','管理员',1),(645,'分页查询学生信息',1,NULL,'无','2023-04-19 06:57:08','管理员',1),(646,'分页查询学生信息',1,NULL,'无','2023-04-19 06:57:11','管理员',1),(647,'分页查询学生信息',1,NULL,'无','2023-04-19 06:57:13','管理员',1),(648,'分页查询学生信息',1,NULL,'无','2023-04-19 07:30:40','管理员',1),(649,'分页查询学生信息',1,NULL,'无','2023-04-19 08:15:49','管理员',1),(650,'分页查询学生信息',1,NULL,'无','2023-04-19 08:15:52','管理员',1),(651,'分页查询学生信息',1,NULL,'无','2023-04-19 08:20:20','管理员',1),(652,'分页查询学生信息',1,NULL,'无','2023-04-19 08:23:17','管理员',1),(653,'分页查询学生信息',1,NULL,'无','2023-04-19 08:24:31','管理员',1),(654,'分页查询学生信息',1,NULL,'无','2023-04-19 08:28:06','管理员',1),(655,'分页查询学生信息',1,NULL,'无','2023-04-19 08:28:07','管理员',1),(656,'更新学生信息',1,NULL,'无','2023-04-19 08:28:14','管理员',1),(657,'分页查询学生信息',1,NULL,'无','2023-04-19 08:28:15','管理员',1),(658,'分页查询学生信息',1,NULL,'无','2023-04-19 08:33:04','管理员',1),(659,'更新学生信息',1,NULL,'无','2023-04-19 08:33:12','管理员',1),(660,'分页查询学生信息',1,NULL,'无','2023-04-19 08:33:12','管理员',1),(661,'更新学生信息',1,NULL,'无','2023-04-19 08:34:08','管理员',1),(662,'分页查询学生信息',1,NULL,'无','2023-04-19 08:34:08','管理员',1),(663,'更新学生信息',1,NULL,'无','2023-04-19 08:34:17','管理员',1),(664,'分页查询学生信息',1,NULL,'无','2023-04-19 08:34:17','管理员',1),(665,'更新学生信息',1,NULL,'无','2023-04-19 08:34:27','管理员',1),(666,'分页查询学生信息',1,NULL,'无','2023-04-19 08:34:27','管理员',1),(667,'更新学生信息',1,NULL,'无','2023-04-19 08:34:37','管理员',1),(668,'分页查询学生信息',1,NULL,'无','2023-04-19 08:34:37','管理员',1),(669,'更新学生信息',1,NULL,'无','2023-04-19 08:34:44','管理员',1),(670,'分页查询学生信息',1,NULL,'无','2023-04-19 08:34:44','管理员',1),(671,'分页查询学生信息',1,NULL,'无','2023-04-21 00:45:00','管理员',1),(675,'分页查询学生信息',1,NULL,'无','2023-04-21 01:38:37','管理员',1),(676,'分页查询学生信息',1,NULL,'无','2023-04-21 02:47:30','管理员',1),(677,'分页查询学生信息',1,NULL,'无','2023-04-21 02:48:19','管理员',1),(678,'分页查询学生信息',1,NULL,'无','2023-04-21 07:21:43','管理员',1),(679,'分页查询学生信息',1,NULL,'无','2023-04-21 07:22:07','管理员',1),(680,'分页查询学生信息',1,NULL,'无','2023-04-21 07:27:15','管理员',1),(681,'分页查询学生信息',1,NULL,'无','2023-04-21 07:28:18','管理员',1),(682,'分页查询学生信息',1,NULL,'无','2023-04-21 07:29:28','管理员',1),(683,'分页查询学生信息',1,NULL,'无','2023-04-21 07:29:32','管理员',1),(684,'分页查询学生信息',1,NULL,'无','2023-04-21 07:29:37','管理员',1),(685,'分页查询学生信息',1,NULL,'无','2023-04-21 07:30:39','管理员',1),(686,'分页查询学生信息',1,NULL,'无','2023-04-21 07:32:16','管理员',1),(687,'分页查询学生信息',1,NULL,'无','2023-04-21 07:41:27','管理员',1),(688,'分页查询学生信息',1,NULL,'无','2023-04-21 08:01:33','管理员',1),(689,'分页查询学生信息',1,NULL,'无','2023-04-21 08:12:07','管理员',1),(690,'分页查询学生信息',1,NULL,'无','2023-04-21 08:13:23','管理员',1),(691,'分页查询学生信息',1,NULL,'无','2023-04-21 08:15:42','管理员',1),(692,'分页查询学生信息',1,NULL,'无','2023-04-21 08:15:45','管理员',1),(693,'分页查询学生信息',1,NULL,'无','2023-04-21 08:15:47','管理员',1),(694,'分页查询学生信息',1,NULL,'无','2023-04-21 08:15:47','管理员',1),(695,'分页查询学生信息',1,NULL,'无','2023-04-21 08:16:47','管理员',1),(696,'分页查询学生信息',1,NULL,'无','2023-04-21 08:17:40','管理员',1),(697,'分页查询学生信息',1,NULL,'无','2023-04-21 08:18:37','管理员',1),(698,'分页查询学生信息',1,NULL,'无','2023-04-21 08:30:22','管理员',1),(699,'分页查询学生信息',1,NULL,'无','2023-04-21 08:51:42','管理员',1),(700,'分页查询学生信息',1,NULL,'无','2023-04-21 08:56:03','管理员',1),(701,'分页查询学生信息',1,NULL,'无','2023-04-21 09:59:30','管理员',1),(702,'分页查询学生信息',1,NULL,'无','2023-04-21 10:00:07','管理员',1),(703,'分页查询学生信息',1,NULL,'无','2023-04-21 10:00:49','管理员',1),(704,'分页查询学生信息',1,NULL,'无','2023-04-21 10:30:20','管理员',1),(705,'分页查询学生信息',1,NULL,'无','2023-04-21 10:36:35','管理员',1),(706,'分页查询学生信息',1,NULL,'无','2023-04-21 10:40:37','管理员',1),(707,'分页查询学生信息',1,NULL,'无','2023-04-21 10:47:33','管理员',1),(708,'分页查询学生信息',1,NULL,'无','2023-04-21 10:48:14','管理员',1),(709,'分页查询学生信息',1,NULL,'无','2023-04-21 10:55:12','管理员',1),(710,'分页查询学生信息',1,NULL,'无','2023-04-21 10:56:36','管理员',1),(711,'分页查询学生信息',1,NULL,'无','2023-04-21 10:56:50','管理员',1),(712,'分页查询学生信息',1,NULL,'无','2023-04-21 11:00:39','管理员',1),(713,'分页查询学生信息',1,NULL,'无','2023-04-23 03:13:05','管理员',1),(714,'分页查询学生信息',1,NULL,'无','2023-04-23 03:14:10','管理员',1),(715,'分页查询学生信息',1,NULL,'无','2023-04-23 03:14:15','管理员',1),(716,'分页查询学生信息',1,NULL,'无','2023-04-23 03:28:51','管理员',1),(717,'分页查询学生信息',1,NULL,'无','2023-04-23 06:40:55','管理员',1),(718,'分页查询学生信息',1,NULL,'无','2023-04-23 06:41:39','管理员',1),(719,'分页查询学生信息',1,NULL,'无','2023-04-23 06:44:22','管理员',1),(720,'分页查询学生信息',1,NULL,'无','2023-04-23 06:44:28','管理员',1),(721,'分页查询学生信息',1,NULL,'无','2023-04-25 00:18:10','管理员',1),(722,'分页查询学生信息',1,NULL,'无','2023-04-25 00:18:13','管理员',1),(723,'分页查询学生信息',1,NULL,'无','2023-04-25 00:18:19','管理员',1),(724,'分页查询学生信息',1,NULL,'无','2023-04-25 00:18:21','管理员',1),(725,'分页查询学生信息',1,NULL,'无','2023-04-25 00:18:23','管理员',1),(726,'分页查询学生信息',1,NULL,'无','2023-04-25 00:18:25','管理员',1),(727,'分页查询学生信息',1,NULL,'无','2023-04-25 00:18:25','管理员',1),(728,'分页查询学生信息',1,NULL,'无','2023-04-25 00:18:25','管理员',1),(729,'分页查询学生信息',1,NULL,'无','2023-04-25 00:18:37','管理员',1),(730,'分页查询学生信息',1,NULL,'无','2023-04-25 00:18:37','管理员',1),(731,'分页查询学生信息',1,NULL,'无','2023-04-25 00:18:38','管理员',1),(732,'分页查询学生信息',1,NULL,'无','2023-04-25 00:18:38','管理员',1),(733,'分页查询学生信息',1,NULL,'无','2023-04-25 00:18:38','管理员',1),(734,'分页查询学生信息',1,NULL,'无','2023-04-25 00:18:39','管理员',1),(735,'分页查询学生信息',1,NULL,'无','2023-04-25 00:18:39','管理员',1),(736,'分页查询学生信息',1,NULL,'无','2023-04-25 00:18:41','管理员',1),(737,'分页查询学生信息',1,NULL,'无','2023-04-25 00:18:46','管理员',1),(738,'分页查询学生信息',1,NULL,'无','2023-04-25 00:18:47','管理员',1),(739,'分页查询学生信息',1,NULL,'无','2023-04-25 00:18:48','管理员',1),(740,'分页查询学生信息',1,NULL,'无','2023-04-25 00:18:52','管理员',1),(741,'分页查询学生信息',1,NULL,'无','2023-04-25 00:18:53','管理员',1),(742,'分页查询学生信息',1,NULL,'无','2023-04-25 00:18:54','管理员',1),(743,'分页查询学生信息',1,NULL,'无','2023-04-25 00:19:07','管理员',1),(744,'分页查询学生信息',1,NULL,'无','2023-04-25 00:21:00','管理员',1),(745,'分页查询学生信息',1,NULL,'无','2023-04-25 00:21:02','管理员',1),(746,'分页查询学生信息',1,NULL,'无','2023-04-25 00:23:06','管理员',1),(747,'分页查询学生信息',1,NULL,'无','2023-04-25 00:23:08','管理员',1),(748,'分页查询学生信息',1,NULL,'无','2023-04-25 00:23:09','管理员',1),(749,'分页查询学生信息',1,NULL,'无','2023-04-25 00:23:10','管理员',1),(750,'分页查询学生信息',1,NULL,'无','2023-04-25 00:23:10','管理员',1),(751,'分页查询学生信息',1,NULL,'无','2023-04-25 00:23:15','管理员',1),(752,'分页查询学生信息',1,NULL,'无','2023-04-25 00:23:16','管理员',1),(753,'分页查询学生信息',1,NULL,'无','2023-04-25 00:31:18','管理员',1),(754,'分页查询学生信息',1,NULL,'无','2023-04-25 00:31:21','管理员',1),(755,'分页查询学生信息',1,NULL,'无','2023-04-25 00:31:22','管理员',1),(756,'分页查询学生信息',1,NULL,'无','2023-04-25 00:31:23','管理员',1),(757,'分页查询学生信息',1,NULL,'无','2023-04-25 00:40:46','管理员',1),(758,'分页查询学生信息',1,NULL,'无','2023-04-25 00:40:50','管理员',1),(759,'分页查询学生信息',1,NULL,'无','2023-04-25 00:52:30','管理员',1),(760,'分页查询学生信息',1,NULL,'无','2023-04-25 00:52:33','管理员',1),(761,'分页查询学生信息',1,NULL,'无','2023-04-25 00:52:41','管理员',1),(762,'分页查询学生信息',1,NULL,'无','2023-04-25 00:52:53','管理员',1),(763,'分页查询学生信息',1,NULL,'无','2023-04-25 00:52:57','管理员',1),(764,'分页查询学生信息',1,NULL,'无','2023-04-25 00:53:00','管理员',1),(765,'分页查询学生信息',1,NULL,'无','2023-04-25 00:53:06','管理员',1),(766,'分页查询学生信息',1,NULL,'无','2023-04-25 00:53:22','管理员',1),(767,'分页查询学生信息',1,NULL,'无','2023-04-25 01:00:53','管理员',1),(768,'分页查询学生信息',1,NULL,'无','2023-04-25 01:00:55','管理员',1),(769,'分页查询学生信息',1,NULL,'无','2023-04-25 01:01:02','管理员',1),(770,'分页查询学生信息',1,NULL,'无','2023-04-25 01:01:18','管理员',1),(771,'分页查询学生信息',1,NULL,'无','2023-04-25 01:03:14','管理员',1),(772,'分页查询学生信息',1,NULL,'无','2023-04-25 01:03:17','管理员',1),(773,'分页查询学生信息',1,NULL,'无','2023-04-25 01:03:19','管理员',1),(774,'分页查询学生信息',1,NULL,'无','2023-04-25 01:03:20','管理员',1),(775,'分页查询学生信息',1,NULL,'无','2023-04-25 01:04:42','管理员',1),(776,'分页查询学生信息',1,NULL,'无','2023-04-25 01:04:45','管理员',1),(777,'分页查询学生信息',1,NULL,'无','2023-04-25 01:07:56','管理员',1),(778,'分页查询学生信息',1,NULL,'无','2023-04-25 01:08:01','管理员',1),(779,'分页查询学生信息',1,NULL,'无','2023-04-25 01:08:02','管理员',1),(780,'分页查询学生信息',1,NULL,'无','2023-04-25 01:10:04','管理员',1),(781,'分页查询学生信息',1,NULL,'无','2023-04-25 01:10:06','管理员',1),(782,'分页查询学生信息',1,NULL,'无','2023-04-25 01:10:08','管理员',1),(783,'分页查询学生信息',1,NULL,'无','2023-04-25 01:10:09','管理员',1),(784,'分页查询学生信息',1,NULL,'无','2023-04-25 01:10:10','管理员',1),(785,'分页查询学生信息',1,NULL,'无','2023-04-25 01:10:11','管理员',1),(786,'分页查询学生信息',1,NULL,'无','2023-04-25 01:31:00','管理员',1),(787,'分页查询学生信息',1,NULL,'无','2023-04-25 01:31:05','管理员',1),(788,'分页查询学生信息',1,NULL,'无','2023-04-25 01:31:07','管理员',1),(789,'分页查询学生信息',1,NULL,'无','2023-04-25 01:31:10','管理员',1),(790,'分页查询学生信息',1,NULL,'无','2023-04-25 01:31:13','管理员',1),(791,'分页查询学生信息',1,NULL,'无','2023-04-25 01:32:06','管理员',1),(792,'分页查询学生信息',1,NULL,'无','2023-04-25 01:32:10','管理员',1),(793,'分页查询学生信息',1,NULL,'无','2023-04-25 01:32:16','管理员',1),(794,'分页查询学生信息',1,NULL,'无','2023-04-25 01:32:18','管理员',1),(795,'分页查询学生信息',1,NULL,'无','2023-04-25 01:32:21','管理员',1),(796,'分页查询学生信息',1,NULL,'无','2023-04-25 01:33:51','管理员',1),(797,'分页查询学生信息',1,NULL,'无','2023-04-25 01:34:51','管理员',1),(798,'分页查询学生信息',1,NULL,'无','2023-04-25 01:35:15','管理员',1),(799,'分页查询学生信息',1,NULL,'无','2023-04-25 01:35:30','管理员',1),(800,'分页查询学生信息',1,NULL,'无','2023-04-25 01:35:32','管理员',1),(801,'分页查询学生信息',1,NULL,'无','2023-04-25 01:35:35','管理员',1),(802,'分页查询学生信息',1,NULL,'无','2023-04-25 01:35:54','管理员',1),(803,'分页查询学生信息',1,NULL,'无','2023-04-25 01:36:03','管理员',1),(804,'分页查询学生信息',1,NULL,'无','2023-04-25 01:37:47','管理员',1),(805,'分页查询学生信息',1,NULL,'无','2023-04-25 01:40:39','管理员',1),(806,'分页查询学生信息',1,NULL,'无','2023-04-25 01:40:43','管理员',1),(807,'分页查询学生信息',1,NULL,'无','2023-04-25 01:40:45','管理员',1),(808,'分页查询学生信息',1,NULL,'无','2023-04-25 01:40:54','管理员',1),(809,'分页查询学生信息',1,NULL,'无','2023-04-25 01:41:01','管理员',1),(810,'分页查询学生信息',1,NULL,'无','2023-04-25 01:41:38','管理员',1),(811,'分页查询学生信息',1,NULL,'无','2023-04-25 01:41:43','管理员',1),(812,'分页查询学生信息',1,NULL,'无','2023-04-25 01:44:15','管理员',1),(813,'分页查询学生信息',1,NULL,'无','2023-04-25 01:44:19','管理员',1),(814,'分页查询学生信息',1,NULL,'无','2023-04-25 01:44:20','管理员',1),(815,'分页查询学生信息',1,NULL,'无','2023-04-25 01:44:35','管理员',1),(816,'分页查询学生信息',1,NULL,'无','2023-04-25 01:46:30','管理员',1),(817,'分页查询学生信息',1,NULL,'无','2023-04-25 01:46:32','管理员',1),(818,'分页查询学生信息',1,NULL,'无','2023-04-25 01:46:33','管理员',1),(819,'分页查询学生信息',1,NULL,'无','2023-04-25 01:49:37','管理员',1),(820,'分页查询学生信息',1,NULL,'无','2023-04-25 01:49:41','管理员',1),(821,'分页查询学生信息',1,NULL,'无','2023-04-25 01:49:42','管理员',1),(822,'分页查询学生信息',1,NULL,'无','2023-04-25 01:49:49','管理员',1),(823,'分页查询学生信息',1,NULL,'无','2023-04-25 01:49:51','管理员',1),(824,'分页查询学生信息',1,NULL,'无','2023-04-25 01:49:54','管理员',1),(825,'分页查询学生信息',1,NULL,'无','2023-04-25 01:49:57','管理员',1),(826,'分页查询学生信息',1,NULL,'无','2023-04-25 01:49:58','管理员',1),(827,'分页查询学生信息',1,NULL,'无','2023-04-25 01:51:01','管理员',1),(828,'分页查询学生信息',1,NULL,'无','2023-04-25 01:51:04','管理员',1),(829,'分页查询学生信息',1,NULL,'无','2023-04-25 01:51:05','管理员',1),(830,'分页查询学生信息',1,NULL,'无','2023-04-25 01:53:25','管理员',1),(831,'分页查询学生信息',1,NULL,'无','2023-04-25 01:53:29','管理员',1),(832,'分页查询学生信息',1,NULL,'无','2023-04-25 01:55:33','管理员',1),(833,'分页查询学生信息',1,NULL,'无','2023-04-25 01:55:36','管理员',1),(834,'分页查询学生信息',1,NULL,'无','2023-04-25 01:56:14','管理员',1),(835,'分页查询学生信息',1,NULL,'无','2023-04-25 01:56:21','管理员',1),(836,'分页查询学生信息',1,NULL,'无','2023-04-25 01:56:23','管理员',1),(837,'分页查询学生信息',1,NULL,'无','2023-04-25 01:56:23','管理员',1),(838,'分页查询学生信息',1,NULL,'无','2023-04-25 01:59:05','管理员',1),(839,'分页查询学生信息',1,NULL,'无','2023-04-25 01:59:11','管理员',1),(840,'分页查询学生信息',1,NULL,'无','2023-04-25 03:07:04','管理员',1),(841,'分页查询学生信息',1,NULL,'无','2023-04-25 03:07:10','管理员',1),(842,'分页查询学生信息',1,NULL,'无','2023-04-25 03:07:11','管理员',1),(843,'分页查询学生信息',1,NULL,'无','2023-04-25 03:55:54','管理员',1),(844,'分页查询学生信息',1,NULL,'无','2023-04-25 03:56:00','管理员',1),(845,'分页查询学生信息',1,NULL,'无','2023-04-25 03:56:02','管理员',1),(846,'分页查询学生信息',1,NULL,'无','2023-04-25 03:57:48','管理员',1),(847,'分页查询学生信息',1,NULL,'无','2023-04-25 03:57:55','管理员',1),(848,'分页查询学生信息',1,NULL,'无','2023-04-25 03:57:56','管理员',1),(849,'分页查询学生信息',1,NULL,'无','2023-04-25 03:58:11','管理员',1),(850,'分页查询学生信息',1,NULL,'无','2023-04-25 03:58:12','管理员',1),(851,'分页查询学生信息',1,NULL,'无','2023-04-25 03:58:13','管理员',1),(852,'分页查询学生信息',1,NULL,'无','2023-04-25 03:58:16','管理员',1),(853,'分页查询学生信息',1,NULL,'无','2023-04-25 03:58:20','管理员',1),(854,'分页查询学生信息',1,NULL,'无','2023-04-25 03:58:23','管理员',1),(855,'分页查询学生信息',1,NULL,'无','2023-04-25 03:58:49','管理员',1),(856,'分页查询学生信息',1,NULL,'无','2023-04-25 03:58:55','管理员',1),(857,'更新学生信息',1,NULL,'无','2023-04-25 03:59:03','管理员',1),(858,'分页查询学生信息',1,NULL,'无','2023-04-25 03:59:03','管理员',1),(859,'更新学生信息',1,NULL,'无','2023-04-25 03:59:16','管理员',1),(860,'分页查询学生信息',1,NULL,'无','2023-04-25 03:59:16','管理员',1),(861,'分页查询学生信息',1,NULL,'无','2023-04-25 04:00:26','管理员',1),(862,'更新学生信息',1,NULL,'无','2023-04-25 04:00:35','管理员',1),(863,'分页查询学生信息',1,NULL,'无','2023-04-25 04:00:35','管理员',1),(864,'分页查询学生信息',1,NULL,'无','2023-04-25 04:00:39','管理员',1),(865,'分页查询学生信息',1,NULL,'无','2023-04-25 04:00:40','管理员',1),(866,'分页查询学生信息',1,NULL,'无','2023-04-25 04:00:41','管理员',1),(867,'分页查询学生信息',1,NULL,'无','2023-04-25 04:00:48','管理员',1),(868,'分页查询学生信息',1,NULL,'无','2023-04-25 06:12:49','管理员',1),(869,'分页查询学生信息',1,NULL,'无','2023-04-25 06:12:52','管理员',1),(870,'分页查询学生信息',1,NULL,'无','2023-04-25 06:12:52','管理员',1),(871,'分页查询学生信息',1,NULL,'无','2023-04-25 06:14:09','管理员',1),(872,'分页查询学生信息',1,NULL,'无','2023-04-25 06:14:20','管理员',1),(873,'分页查询学生信息',1,NULL,'无','2023-04-26 08:30:23','管理员',1),(874,'分页查询学生信息',1,NULL,'无','2023-04-26 08:31:19','管理员',1),(875,'分页查询学生信息',1,NULL,'无','2023-04-26 08:46:29','管理员',1),(876,'分页查询学生信息',1,NULL,'无','2023-04-26 09:03:40','管理员',1),(877,'分页查询学生信息',1,1,'无','2023-04-27 07:30:03','普通员工',NULL),(878,'分页查询学生信息',1,1,'无','2023-04-27 15:01:45','普通员工',NULL),(879,'分页查询学生信息',1,1,'无','2023-04-27 15:06:44','普通员工',NULL),(880,'分页查询学生信息',1,NULL,'无','2023-04-27 15:13:41','管理员',1),(881,'分页查询学生信息',1,NULL,'无','2023-04-27 15:40:44','管理员',1),(882,'分页查询学生信息',1,NULL,'无','2023-04-27 15:43:48','管理员',1),(883,'分页查询学生信息',1,NULL,'无','2023-04-27 15:48:55','管理员',1),(884,'分页查询学生信息',1,NULL,'无','2023-04-27 15:53:59','管理员',1),(885,'分页查询学生信息',1,NULL,'无','2023-04-27 15:54:01','管理员',1),(886,'分页查询学生信息',1,NULL,'无','2023-04-27 15:54:02','管理员',1),(887,'分页查询学生信息',1,1,'无','2023-04-27 15:54:20','普通员工',NULL),(888,'分页查询学生信息',1,1,'无','2023-04-27 15:54:21','普通员工',NULL),(889,'分页查询学生信息',1,1,'无','2023-04-27 15:54:22','普通员工',NULL),(890,'分页查询学生信息',1,NULL,'无','2023-04-28 02:12:54','管理员',1),(891,'分页查询学生信息',1,NULL,'无','2023-04-28 02:16:10','管理员',1),(892,'分页查询学生信息',1,NULL,'无','2023-04-28 02:18:19','管理员',1),(893,'分页查询学生信息',1,NULL,'无','2023-04-28 02:21:41','管理员',1),(894,'分页查询学生信息',1,NULL,'无','2023-04-28 02:26:13','管理员',1),(895,'分页查询学生信息',1,NULL,'无','2023-04-28 02:31:13','管理员',1),(896,'分页查询学生信息',1,NULL,'无','2023-04-28 02:31:51','管理员',1),(897,'分页查询学生信息',1,NULL,'无','2023-04-28 02:38:59','管理员',1),(898,'分页查询学生信息',1,NULL,'无','2023-04-28 02:39:38','管理员',1),(899,'分页查询学生信息',1,NULL,'无','2023-04-28 02:39:48','管理员',1),(900,'分页查询学生信息',1,NULL,'无','2023-04-28 02:39:53','管理员',1),(901,'分页查询学生信息',1,NULL,'无','2023-04-28 02:39:58','管理员',1),(902,'分页查询学生信息',1,NULL,'无','2023-04-28 02:41:46','管理员',1),(903,'分页查询学生信息',1,NULL,'无','2023-04-28 02:44:51','管理员',1),(904,'分页查询学生信息',1,NULL,'无','2023-04-28 02:46:01','管理员',1),(905,'分页查询学生信息',1,NULL,'无','2023-04-28 02:47:04','管理员',1),(906,'分页查询学生信息',1,NULL,'无','2023-04-28 02:48:04','管理员',1),(907,'分页查询学生信息',1,NULL,'无','2023-04-28 02:48:13','管理员',1),(908,'分页查询学生信息',1,NULL,'无','2023-04-28 02:50:12','管理员',1),(909,'分页查询学生信息',1,NULL,'无','2023-04-28 02:51:06','管理员',1),(910,'分页查询学生信息',1,NULL,'无','2023-04-28 02:51:09','管理员',1),(911,'分页查询学生信息',1,NULL,'无','2023-04-28 02:52:14','管理员',1),(912,'分页查询学生信息',1,NULL,'无','2023-04-28 02:54:46','管理员',1),(913,'分页查询学生信息',1,NULL,'无','2023-04-28 02:56:45','管理员',1),(914,'分页查询学生信息',1,NULL,'无','2023-04-28 02:59:00','管理员',1),(915,'分页查询学生信息',1,NULL,'无','2023-04-28 02:59:19','管理员',1),(916,'分页查询学生信息',1,NULL,'无','2023-04-28 02:59:29','管理员',1),(917,'分页查询学生信息',1,NULL,'无','2023-04-28 03:01:04','管理员',1),(918,'分页查询学生信息',1,NULL,'无','2023-04-28 03:03:05','管理员',1),(919,'分页查询学生信息',1,NULL,'无','2023-04-28 03:03:51','管理员',1),(920,'分页查询学生信息',1,NULL,'无','2023-04-28 03:05:14','管理员',1),(921,'分页查询学生信息',1,NULL,'无','2023-04-28 03:06:51','管理员',1),(922,'分页查询学生信息',1,NULL,'无','2023-04-28 03:13:30','管理员',1),(923,'分页查询学生信息',1,NULL,'无','2023-04-28 03:32:30','管理员',1),(924,'分页查询学生信息',1,NULL,'无','2023-04-28 03:34:14','管理员',1),(925,'分页查询学生信息',1,NULL,'无','2023-04-28 03:36:30','管理员',1),(926,'分页查询学生信息',1,NULL,'无','2023-04-28 03:37:45','管理员',1),(927,'分页查询学生信息',1,NULL,'无','2023-04-28 03:48:10','管理员',1),(928,'分页查询学生信息',1,NULL,'无','2023-04-28 03:48:13','管理员',1),(929,'分页查询学生信息',1,NULL,'无','2023-04-28 03:48:15','管理员',1),(930,'分页查询学生信息',1,NULL,'无','2023-04-28 03:48:18','管理员',1),(931,'分页查询学生信息',1,NULL,'无','2023-04-28 03:48:21','管理员',1),(932,'分页查询学生信息',1,NULL,'无','2023-04-28 03:48:24','管理员',1),(933,'分页查询学生信息',1,NULL,'无','2023-04-28 03:59:52','管理员',1),(934,'分页查询学生信息',1,NULL,'无','2023-04-28 03:59:57','管理员',1),(935,'分页查询学生信息',1,NULL,'无','2023-04-28 04:00:08','管理员',1),(936,'分页查询学生信息',1,NULL,'无','2023-04-28 04:01:05','管理员',1),(937,'分页查询学生信息',1,NULL,'无','2023-04-28 04:03:37','管理员',1),(938,'分页查询学生信息',1,NULL,'无','2023-04-28 04:07:44','管理员',1),(939,'分页查询学生信息',1,NULL,'无','2023-04-28 05:49:32','管理员',1),(940,'分页查询学生信息',1,NULL,'无','2023-04-28 05:52:46','管理员',1),(941,'分页查询学生信息',1,NULL,'无','2023-04-28 05:59:44','管理员',1),(942,'分页查询学生信息',1,NULL,'无','2023-04-28 06:02:24','管理员',1),(943,'分页查询学生信息',1,NULL,'无','2023-04-28 06:02:27','管理员',1),(944,'分页查询学生信息',1,NULL,'无','2023-04-28 06:02:29','管理员',1),(945,'分页查询学生信息',1,NULL,'无','2023-04-28 06:03:41','管理员',1),(946,'分页查询学生信息',1,NULL,'无','2023-04-28 06:07:47','管理员',1),(947,'分页查询学生信息',1,NULL,'无','2023-04-28 06:08:02','管理员',1),(948,'分页查询学生信息',1,NULL,'无','2023-04-28 06:22:34','管理员',1),(949,'分页查询学生信息',1,NULL,'无','2023-04-28 06:27:12','管理员',1),(950,'分页查询学生信息',1,NULL,'无','2023-04-28 06:32:35','管理员',1),(951,'分页查询学生信息',1,NULL,'无','2023-04-28 06:32:45','管理员',1),(952,'分页查询学生信息',1,NULL,'无','2023-04-28 06:35:26','管理员',1),(953,'分页查询学生信息',1,NULL,'无','2023-04-28 06:37:52','管理员',1),(954,'分页查询学生信息',1,NULL,'无','2023-04-28 06:38:15','管理员',1),(955,'分页查询学生信息',1,NULL,'无','2023-04-28 06:38:17','管理员',1),(956,'分页查询学生信息',1,NULL,'无','2023-04-28 06:38:18','管理员',1),(957,'分页查询学生信息',1,NULL,'无','2023-04-28 06:43:40','管理员',1),(958,'分页查询学生信息',1,NULL,'无','2023-04-28 06:43:45','管理员',1),(959,'分页查询学生信息',1,NULL,'无','2023-04-28 06:50:28','管理员',1),(960,'分页查询学生信息',1,NULL,'无','2023-04-28 07:20:11','管理员',1),(961,'分页查询学生信息',1,NULL,'无','2023-04-28 07:21:29','管理员',1),(962,'分页查询学生信息',1,NULL,'无','2023-04-28 07:34:01','管理员',1),(963,'分页查询学生信息',1,NULL,'无','2023-04-28 07:37:25','管理员',1),(964,'分页查询学生信息',1,NULL,'无','2023-04-28 07:37:54','管理员',1),(965,'分页查询学生信息',1,NULL,'无','2023-04-28 07:37:58','管理员',1),(966,'分页查询学生信息',1,NULL,'无','2023-04-28 07:38:03','管理员',1),(967,'分页查询学生信息',1,NULL,'无','2023-04-28 07:38:09','管理员',1),(968,'分页查询学生信息',1,NULL,'无','2023-04-28 07:38:11','管理员',1),(969,'分页查询学生信息',1,NULL,'无','2023-04-28 07:39:14','管理员',1),(970,'分页查询学生信息',1,NULL,'无','2023-04-28 07:40:18','管理员',1),(971,'分页查询学生信息',1,NULL,'无','2023-04-28 07:42:53','管理员',1),(972,'分页查询学生信息',1,NULL,'无','2023-04-28 07:42:56','管理员',1),(973,'分页查询学生信息',1,NULL,'无','2023-04-28 08:00:16','管理员',1),(974,'更新学生信息',1,NULL,'无','2023-04-28 08:00:21','管理员',1),(975,'分页查询学生信息',1,NULL,'无','2023-04-28 08:00:21','管理员',1),(976,'分页查询学生信息',1,NULL,'无','2023-04-28 08:01:15','管理员',1),(977,'分页查询学生信息',1,NULL,'无','2023-04-28 08:03:04','管理员',1),(978,'分页查询学生信息',1,NULL,'无','2023-04-28 08:04:32','管理员',1),(979,'分页查询学生信息',1,NULL,'无','2023-04-28 08:06:28','管理员',1),(980,'分页查询学生信息',1,NULL,'无','2023-04-28 08:08:29','管理员',1),(981,'分页查询学生信息',1,NULL,'无','2023-04-28 08:09:48','管理员',1),(982,'分页查询学生信息',1,NULL,'无','2023-04-28 08:11:55','管理员',1),(983,'分页查询学生信息',1,NULL,'无','2023-04-28 08:13:22','管理员',1),(984,'更新学生信息',1,NULL,'无','2023-04-28 08:13:25','管理员',1),(985,'分页查询学生信息',1,NULL,'无','2023-04-28 08:13:25','管理员',1),(986,'分页查询学生信息',1,NULL,'无','2023-04-28 08:13:25','管理员',1),(987,'更新学生信息',1,NULL,'无','2023-04-28 08:13:32','管理员',1),(988,'分页查询学生信息',1,NULL,'无','2023-04-28 08:13:32','管理员',1),(989,'分页查询学生信息',1,NULL,'无','2023-04-28 08:13:32','管理员',1),(990,'分页查询学生信息',1,NULL,'无','2023-04-28 08:19:04','管理员',1),(991,'分页查询学生信息',1,NULL,'无','2023-04-28 08:19:06','管理员',1),(992,'分页查询学生信息',1,NULL,'无','2023-04-28 08:19:10','管理员',1),(993,'分页查询学生信息',1,NULL,'无','2023-04-28 08:19:10','管理员',1),(994,'分页查询学生信息',1,NULL,'无','2023-04-28 08:19:10','管理员',1),(995,'分页查询学生信息',1,NULL,'无','2023-04-28 08:19:10','管理员',1),(996,'分页查询学生信息',1,NULL,'无','2023-04-28 08:19:11','管理员',1),(997,'分页查询学生信息',1,NULL,'无','2023-04-28 08:19:11','管理员',1),(998,'分页查询学生信息',1,NULL,'无','2023-04-28 08:21:35','管理员',1),(999,'分页查询学生信息',1,NULL,'无','2023-04-28 08:21:40','管理员',1),(1000,'分页查询学生信息',1,NULL,'无','2023-04-28 08:21:40','管理员',1),(1001,'分页查询学生信息',1,NULL,'无','2023-04-28 08:21:44','管理员',1),(1002,'分页查询学生信息',1,NULL,'无','2023-04-28 08:21:44','管理员',1),(1003,'分页查询学生信息',1,NULL,'无','2023-04-28 08:21:45','管理员',1),(1004,'分页查询学生信息',1,NULL,'无','2023-04-28 08:21:45','管理员',1),(1005,'分页查询学生信息',1,NULL,'无','2023-04-28 08:21:46','管理员',1),(1006,'分页查询学生信息',1,NULL,'无','2023-04-28 08:21:46','管理员',1),(1007,'分页查询学生信息',1,NULL,'无','2023-04-28 08:21:49','管理员',1),(1008,'分页查询学生信息',1,NULL,'无','2023-04-28 08:21:49','管理员',1),(1009,'分页查询学生信息',1,NULL,'无','2023-04-28 08:21:50','管理员',1),(1010,'分页查询学生信息',1,NULL,'无','2023-04-28 08:21:50','管理员',1),(1011,'分页查询学生信息',1,NULL,'无','2023-04-28 08:50:41','管理员',1),(1012,'分页查询学生信息',1,NULL,'无','2023-04-28 09:06:08','管理员',1),(1013,'分页查询学生信息',1,NULL,'无','2023-04-28 09:07:47','管理员',1),(1014,'分页查询学生信息',1,NULL,'无','2023-04-28 09:07:52','管理员',1),(1015,'分页查询学生信息',1,NULL,'无','2023-04-28 09:07:52','管理员',1),(1016,'分页查询学生信息',1,NULL,'无','2023-04-28 09:07:54','管理员',1),(1017,'分页查询学生信息',1,NULL,'无','2023-04-28 09:07:54','管理员',1),(1018,'分页查询学生信息',1,NULL,'无','2023-04-28 09:07:57','管理员',1),(1019,'分页查询学生信息',1,NULL,'无','2023-04-28 09:07:57','管理员',1),(1020,'分页查询学生信息',1,NULL,'无','2023-04-28 09:07:58','管理员',1),(1021,'分页查询学生信息',1,NULL,'无','2023-04-28 09:07:58','管理员',1),(1022,'分页查询学生信息',1,NULL,'无','2023-04-28 09:07:59','管理员',1),(1023,'分页查询学生信息',1,NULL,'无','2023-04-28 09:07:59','管理员',1),(1024,'分页查询学生信息',1,NULL,'无','2023-04-28 09:08:00','管理员',1),(1025,'分页查询学生信息',1,NULL,'无','2023-04-28 09:08:00','管理员',1),(1026,'分页查询学生信息',1,NULL,'无','2023-04-28 09:08:02','管理员',1),(1027,'分页查询学生信息',1,NULL,'无','2023-04-28 09:08:02','管理员',1),(1028,'分页查询学生信息',1,NULL,'无','2023-04-28 09:08:03','管理员',1),(1029,'分页查询学生信息',1,NULL,'无','2023-04-28 09:08:03','管理员',1),(1030,'分页查询学生信息',1,NULL,'无','2023-04-28 09:08:03','管理员',1),(1031,'分页查询学生信息',1,NULL,'无','2023-04-28 09:08:03','管理员',1),(1032,'分页查询学生信息',1,NULL,'无','2023-04-28 09:11:51','管理员',1),(1033,'分页查询学生信息',1,NULL,'无','2023-04-28 09:13:00','管理员',1),(1034,'分页查询学生信息',1,NULL,'无','2023-04-28 09:17:42','管理员',1),(1035,'分页查询学生信息',1,NULL,'无','2023-04-28 09:19:16','管理员',1),(1036,'分页查询学生信息',1,NULL,'无','2023-04-28 09:20:17','管理员',1),(1037,'分页查询学生信息',1,NULL,'无','2023-04-28 09:20:25','管理员',1),(1038,'分页查询学生信息',1,NULL,'无','2023-04-28 09:22:28','管理员',1),(1039,'分页查询学生信息',1,NULL,'无','2023-04-28 09:23:26','管理员',1),(1040,'分页查询学生信息',1,NULL,'无','2023-04-28 09:23:35','管理员',1),(1041,'分页查询学生信息',1,NULL,'无','2023-04-28 09:23:35','管理员',1),(1042,'分页查询学生信息',1,NULL,'无','2023-04-28 09:26:09','管理员',1),(1043,'分页查询学生信息',1,NULL,'无','2023-04-28 09:26:16','管理员',1),(1044,'分页查询学生信息',1,NULL,'无','2023-04-28 09:26:16','管理员',1),(1045,'分页查询学生信息',1,NULL,'无','2023-04-28 09:26:24','管理员',1),(1046,'分页查询学生信息',1,NULL,'无','2023-04-28 09:26:24','管理员',1),(1047,'分页查询学生信息',1,NULL,'无','2023-04-28 09:26:24','管理员',1),(1048,'分页查询学生信息',1,NULL,'无','2023-04-28 09:28:07','管理员',1),(1049,'分页查询学生信息',1,NULL,'无','2023-04-28 09:28:10','管理员',1),(1050,'分页查询学生信息',1,NULL,'无','2023-04-28 09:28:10','管理员',1),(1051,'分页查询学生信息',1,NULL,'无','2023-04-28 09:28:16','管理员',1),(1052,'分页查询学生信息',1,NULL,'无','2023-04-28 09:28:16','管理员',1),(1053,'分页查询学生信息',1,NULL,'无','2023-04-28 09:31:01','管理员',1),(1054,'分页查询学生信息',1,NULL,'无','2023-04-28 09:31:06','管理员',1),(1055,'分页查询学生信息',1,NULL,'无','2023-04-28 09:31:06','管理员',1),(1056,'分页查询学生信息',1,NULL,'无','2023-04-28 09:31:09','管理员',1),(1057,'分页查询学生信息',1,NULL,'无','2023-04-28 09:31:09','管理员',1),(1058,'分页查询学生信息',1,NULL,'无','2023-04-28 09:31:12','管理员',1),(1059,'分页查询学生信息',1,NULL,'无','2023-04-28 09:31:12','管理员',1),(1060,'分页查询学生信息',1,NULL,'无','2023-04-28 09:31:12','管理员',1),(1061,'分页查询学生信息',1,NULL,'无','2023-04-28 09:31:14','管理员',1),(1062,'分页查询学生信息',1,NULL,'无','2023-04-28 09:31:14','管理员',1),(1063,'分页查询学生信息',1,NULL,'无','2023-04-28 09:31:14','管理员',1),(1064,'分页查询学生信息',1,NULL,'无','2023-04-28 09:34:00','管理员',1),(1065,'分页查询学生信息',1,NULL,'无','2023-04-28 09:34:04','管理员',1),(1066,'分页查询学生信息',1,NULL,'无','2023-04-28 09:34:04','管理员',1),(1067,'分页查询学生信息',1,NULL,'无','2023-04-28 09:34:04','管理员',1),(1068,'分页查询学生信息',1,NULL,'无','2023-04-28 09:34:10','管理员',1),(1069,'分页查询学生信息',1,NULL,'无','2023-04-28 09:34:10','管理员',1),(1070,'分页查询学生信息',1,NULL,'无','2023-04-28 09:34:10','管理员',1),(1071,'分页查询学生信息',1,NULL,'无','2023-04-28 09:37:41','管理员',1),(1072,'分页查询学生信息',1,NULL,'无','2023-04-28 09:37:45','管理员',1),(1073,'分页查询学生信息',1,NULL,'无','2023-04-28 09:37:45','管理员',1),(1074,'分页查询学生信息',1,NULL,'无','2023-04-28 09:38:07','管理员',1),(1075,'分页查询学生信息',1,NULL,'无','2023-04-28 09:38:07','管理员',1),(1076,'分页查询学生信息',1,NULL,'无','2023-04-28 09:38:08','管理员',1),(1077,'分页查询学生信息',1,NULL,'无','2023-04-28 09:43:45','管理员',1),(1078,'分页查询学生信息',1,NULL,'无','2023-04-28 09:43:50','管理员',1),(1079,'分页查询学生信息',1,NULL,'无','2023-04-28 09:43:50','管理员',1),(1080,'分页查询学生信息',1,NULL,'无','2023-04-28 09:43:53','管理员',1),(1081,'分页查询学生信息',1,NULL,'无','2023-04-28 09:43:53','管理员',1),(1082,'分页查询学生信息',1,NULL,'无','2023-04-28 09:43:53','管理员',1),(1083,'分页查询学生信息',1,NULL,'无','2023-04-28 09:43:57','管理员',1),(1084,'分页查询学生信息',1,NULL,'无','2023-04-28 09:43:57','管理员',1),(1085,'分页查询学生信息',1,NULL,'无','2023-04-28 09:43:57','管理员',1),(1086,'分页查询学生信息',1,NULL,'无','2023-04-28 09:44:02','管理员',1),(1087,'分页查询学生信息',1,NULL,'无','2023-04-28 09:44:02','管理员',1),(1088,'分页查询学生信息',1,NULL,'无','2023-04-28 09:44:02','管理员',1),(1089,'分页查询学生信息',1,NULL,'无','2023-04-28 10:09:05','管理员',1),(1090,'分页查询学生信息',1,NULL,'无','2023-04-28 10:09:11','管理员',1),(1091,'分页查询学生信息',1,NULL,'无','2023-04-28 10:09:11','管理员',1),(1092,'分页查询学生信息',1,NULL,'无','2023-04-28 10:09:11','管理员',1),(1093,'分页查询学生信息',1,NULL,'无','2023-04-28 10:09:14','管理员',1),(1094,'分页查询学生信息',1,NULL,'无','2023-04-28 10:09:14','管理员',1),(1095,'分页查询学生信息',1,NULL,'无','2023-04-28 10:09:14','管理员',1),(1096,'分页查询学生信息',1,NULL,'无','2023-04-28 10:09:18','管理员',1),(1097,'分页查询学生信息',1,NULL,'无','2023-04-28 10:09:18','管理员',1),(1098,'分页查询学生信息',1,NULL,'无','2023-04-28 10:09:18','管理员',1),(1099,'分页查询学生信息',1,NULL,'无','2023-04-28 10:15:00','管理员',1),(1100,'分页查询学生信息',1,NULL,'无','2023-04-28 10:15:03','管理员',1),(1101,'分页查询学生信息',1,NULL,'无','2023-04-28 10:15:03','管理员',1),(1102,'分页查询学生信息',1,NULL,'无','2023-04-28 10:15:05','管理员',1),(1103,'分页查询学生信息',1,NULL,'无','2023-04-28 10:15:07','管理员',1),(1104,'分页查询学生信息',1,NULL,'无','2023-04-28 10:15:07','管理员',1),(1105,'分页查询学生信息',1,NULL,'无','2023-04-28 10:15:09','管理员',1),(1106,'分页查询学生信息',1,NULL,'无','2023-04-28 10:15:11','管理员',1),(1107,'分页查询学生信息',1,NULL,'无','2023-04-28 10:15:11','管理员',1),(1108,'分页查询学生信息',1,NULL,'无','2023-04-28 10:15:13','管理员',1),(1109,'分页查询学生信息',1,NULL,'无','2023-04-28 10:15:14','管理员',1),(1110,'分页查询学生信息',1,NULL,'无','2023-04-28 10:15:14','管理员',1),(1111,'分页查询学生信息',1,NULL,'无','2023-04-28 10:15:17','管理员',1),(1112,'分页查询学生信息',1,NULL,'无','2023-04-28 10:15:17','管理员',1),(1113,'分页查询学生信息',1,NULL,'无','2023-04-28 10:15:18','管理员',1),(1114,'分页查询学生信息',1,NULL,'无','2023-04-28 10:15:18','管理员',1),(1115,'分页查询学生信息',1,NULL,'无','2023-04-28 10:15:19','管理员',1),(1116,'分页查询学生信息',1,NULL,'无','2023-04-28 10:15:19','管理员',1),(1117,'分页查询学生信息',1,NULL,'无','2023-04-28 10:20:38','管理员',1),(1118,'分页查询学生信息',1,NULL,'无','2023-04-28 10:20:43','管理员',1),(1119,'分页查询学生信息',1,NULL,'无','2023-04-28 10:20:45','管理员',1),(1120,'分页查询学生信息',1,NULL,'无','2023-04-28 10:20:49','管理员',1),(1121,'分页查询学生信息',1,NULL,'无','2023-04-28 10:20:50','管理员',1),(1122,'分页查询学生信息',1,NULL,'无','2023-04-28 10:20:51','管理员',1),(1123,'分页查询学生信息',1,NULL,'无','2023-04-28 10:20:52','管理员',1),(1124,'分页查询学生信息',1,NULL,'无','2023-04-28 10:20:53','管理员',1),(1125,'分页查询学生信息',1,NULL,'无','2023-04-28 10:20:55','管理员',1),(1126,'分页查询学生信息',1,NULL,'无','2023-04-28 10:20:57','管理员',1),(1127,'分页查询学生信息',1,NULL,'无','2023-04-28 10:20:58','管理员',1),(1128,'分页查询学生信息',1,NULL,'无','2023-04-28 10:21:00','管理员',1),(1129,'分页查询学生信息',1,NULL,'无','2023-04-28 10:21:01','管理员',1),(1130,'分页查询学生信息',1,NULL,'无','2023-04-28 10:21:02','管理员',1),(1131,'分页查询学生信息',1,NULL,'无','2023-04-28 10:21:05','管理员',1),(1132,'分页查询学生信息',1,NULL,'无','2023-04-28 10:21:22','管理员',1),(1133,'分页查询学生信息',1,NULL,'无','2023-04-28 10:21:29','管理员',1),(1134,'分页查询学生信息',1,NULL,'无','2023-04-28 10:21:31','管理员',1),(1135,'分页查询学生信息',1,NULL,'无','2023-04-28 10:21:50','管理员',1),(1136,'分页查询学生信息',1,NULL,'无','2023-04-28 10:23:05','管理员',1),(1137,'分页查询学生信息',1,NULL,'无','2023-04-28 10:23:07','管理员',1),(1138,'分页查询学生信息',1,NULL,'无','2023-04-28 10:23:07','管理员',1),(1139,'分页查询学生信息',1,NULL,'无','2023-04-28 10:23:21','管理员',1),(1140,'分页查询学生信息',1,NULL,'无','2023-04-28 10:23:21','管理员',1),(1141,'分页查询学生信息',1,NULL,'无','2023-04-28 10:23:31','管理员',1),(1142,'分页查询学生信息',1,NULL,'无','2023-04-28 10:23:31','管理员',1),(1143,'分页查询学生信息',1,NULL,'无','2023-04-28 10:45:46','管理员',1),(1144,'分页查询学生信息',1,NULL,'无','2023-04-28 10:50:31','管理员',1),(1145,'分页查询学生信息',1,NULL,'无','2023-04-28 10:50:36','管理员',1),(1146,'分页查询学生信息',1,NULL,'无','2023-04-28 10:50:36','管理员',1),(1147,'分页查询学生信息',1,NULL,'无','2023-04-28 10:50:37','管理员',1),(1148,'分页查询学生信息',1,NULL,'无','2023-04-28 10:50:37','管理员',1),(1149,'分页查询学生信息',1,NULL,'无','2023-05-03 02:38:23','管理员',1),(1150,'分页查询学生信息',1,NULL,'无','2023-05-03 02:38:24','管理员',1),(1151,'分页查询学生信息',1,NULL,'无','2023-05-03 02:38:26','管理员',1),(1152,'分页查询学生信息',1,NULL,'无','2023-05-03 02:38:26','管理员',1),(1153,'分页查询学生信息',1,NULL,'无','2023-05-03 02:38:27','管理员',1),(1154,'分页查询学生信息',1,NULL,'无','2023-05-03 02:38:27','管理员',1),(1155,'分页查询学生信息',1,NULL,'无','2023-05-03 02:38:45','管理员',1),(1156,'分页查询学生信息',1,NULL,'无','2023-05-03 02:38:45','管理员',1),(1157,'分页查询学生信息',1,NULL,'无','2023-05-03 03:19:45','管理员',1),(1158,'分页查询学生信息',1,NULL,'无','2023-05-03 03:24:41','管理员',1),(1159,'分页查询学生信息',1,NULL,'无','2023-05-03 03:25:55','管理员',1),(1160,'分页查询学生信息',1,NULL,'无','2023-05-03 03:28:06','管理员',1),(1161,'分页查询学生信息',1,NULL,'无','2023-05-03 03:29:04','管理员',1),(1162,'分页查询学生信息',1,NULL,'无','2023-05-03 03:43:02','管理员',1),(1163,'分页查询学生信息',1,NULL,'无','2023-05-03 03:43:06','管理员',1),(1164,'分页查询学生信息',1,NULL,'无','2023-05-03 03:43:09','管理员',1),(1165,'分页查询学生信息',1,NULL,'无','2023-05-03 03:43:11','管理员',1),(1166,'分页查询学生信息',1,NULL,'无','2023-05-03 03:43:13','管理员',1),(1167,'分页查询学生信息',1,NULL,'无','2023-05-03 03:43:15','管理员',1),(1168,'分页查询学生信息',1,NULL,'无','2023-05-03 03:45:22','管理员',1),(1169,'分页查询学生信息',1,NULL,'无','2023-05-03 03:45:29','管理员',1),(1170,'分页查询学生信息',1,NULL,'无','2023-05-03 03:45:29','管理员',1),(1171,'分页查询学生信息',1,NULL,'无','2023-05-03 03:45:39','管理员',1),(1172,'分页查询学生信息',1,NULL,'无','2023-05-03 03:45:39','管理员',1),(1173,'分页查询学生信息',1,NULL,'无','2023-05-03 03:45:39','管理员',1),(1174,'分页查询学生信息',1,NULL,'无','2023-05-03 03:45:43','管理员',1),(1175,'分页查询学生信息',1,NULL,'无','2023-05-03 03:45:43','管理员',1),(1176,'分页查询学生信息',1,NULL,'无','2023-05-03 03:45:43','管理员',1),(1177,'分页查询学生信息',1,NULL,'无','2023-05-03 03:53:12','管理员',1),(1178,'分页查询学生信息',1,NULL,'无','2023-05-03 03:53:17','管理员',1),(1179,'分页查询学生信息',1,NULL,'无','2023-05-03 03:53:17','管理员',1),(1180,'分页查询学生信息',1,NULL,'无','2023-05-03 03:53:34','管理员',1),(1181,'分页查询学生信息',1,NULL,'无','2023-05-03 03:53:34','管理员',1),(1182,'分页查询学生信息',1,NULL,'无','2023-05-03 04:02:33','管理员',1),(1183,'分页查询学生信息',1,NULL,'无','2023-05-03 04:02:38','管理员',1),(1184,'分页查询学生信息',1,NULL,'无','2023-05-03 04:02:41','管理员',1),(1185,'分页查询学生信息',1,NULL,'无','2023-05-03 04:07:28','管理员',1),(1186,'分页查询学生信息',1,NULL,'无','2023-05-03 04:07:32','管理员',1),(1187,'分页查询学生信息',1,NULL,'无','2023-05-03 04:07:35','管理员',1),(1188,'分页查询学生信息',1,NULL,'无','2023-05-03 04:10:34','管理员',1),(1189,'分页查询学生信息',1,NULL,'无','2023-05-03 04:10:39','管理员',1),(1190,'分页查询学生信息',1,NULL,'无','2023-05-03 04:10:45','管理员',1),(1191,'分页查询学生信息',1,NULL,'无','2023-05-03 04:10:50','管理员',1),(1192,'分页查询学生信息',1,NULL,'无','2023-05-03 04:14:41','管理员',1),(1193,'分页查询学生信息',1,NULL,'无','2023-05-03 04:14:46','管理员',1),(1194,'分页查询学生信息',1,NULL,'无','2023-05-03 04:14:51','管理员',1),(1195,'分页查询学生信息',1,NULL,'无','2023-05-03 04:15:21','管理员',1),(1196,'分页查询学生信息',1,NULL,'无','2023-05-03 04:15:24','管理员',1),(1197,'分页查询学生信息',1,NULL,'无','2023-05-03 04:15:25','管理员',1),(1198,'分页查询学生信息',1,NULL,'无','2023-05-03 04:15:25','管理员',1),(1199,'分页查询学生信息',1,NULL,'无','2023-05-03 04:15:26','管理员',1),(1200,'分页查询学生信息',1,NULL,'无','2023-05-03 04:15:26','管理员',1),(1201,'分页查询学生信息',1,NULL,'无','2023-05-03 04:15:27','管理员',1),(1202,'分页查询学生信息',1,NULL,'无','2023-05-03 04:15:27','管理员',1),(1203,'分页查询学生信息',1,NULL,'无','2023-05-03 04:15:27','管理员',1),(1204,'分页查询学生信息',1,NULL,'无','2023-05-03 04:15:28','管理员',1),(1205,'分页查询学生信息',1,NULL,'无','2023-05-03 04:15:28','管理员',1),(1206,'分页查询学生信息',1,NULL,'无','2023-05-03 04:15:28','管理员',1),(1207,'分页查询学生信息',1,NULL,'无','2023-05-03 04:15:28','管理员',1),(1208,'分页查询学生信息',1,NULL,'无','2023-05-03 04:15:29','管理员',1),(1209,'分页查询学生信息',1,NULL,'无','2023-05-03 04:15:29','管理员',1),(1210,'分页查询学生信息',1,NULL,'无','2023-05-03 04:15:30','管理员',1),(1211,'分页查询学生信息',1,NULL,'无','2023-05-03 04:24:53','管理员',1),(1212,'分页查询学生信息',1,NULL,'无','2023-05-03 04:26:16','管理员',1),(1213,'分页查询学生信息',1,NULL,'无','2023-05-03 04:29:03','管理员',1),(1214,'分页查询学生信息',1,NULL,'无','2023-05-03 04:29:54','管理员',1),(1215,'分页查询学生信息',1,NULL,'无','2023-05-03 04:40:49','管理员',1),(1216,'分页查询学生信息',1,NULL,'无','2023-05-03 04:40:56','管理员',1),(1217,'分页查询学生信息',1,NULL,'无','2023-05-03 04:40:58','管理员',1),(1218,'分页查询学生信息',1,NULL,'无','2023-05-03 04:40:58','管理员',1),(1219,'分页查询学生信息',1,NULL,'无','2023-05-03 05:45:16','管理员',1),(1220,'分页查询学生信息',1,NULL,'无','2023-05-03 05:45:18','管理员',1),(1221,'分页查询学生信息',1,NULL,'无','2023-05-03 05:45:19','管理员',1),(1222,'分页查询学生信息',1,NULL,'无','2023-05-03 05:45:20','管理员',1),(1223,'分页查询学生信息',1,NULL,'无','2023-05-03 05:45:21','管理员',1),(1224,'分页查询学生信息',1,NULL,'无','2023-05-03 05:45:21','管理员',1),(1225,'分页查询学生信息',1,NULL,'无','2023-05-03 05:45:22','管理员',1),(1226,'分页查询学生信息',1,NULL,'无','2023-05-03 05:46:06','管理员',1),(1227,'分页查询学生信息',1,NULL,'无','2023-05-03 05:46:06','管理员',1),(1228,'分页查询学生信息',1,NULL,'无','2023-05-03 05:46:07','管理员',1),(1229,'分页查询学生信息',1,NULL,'无','2023-05-03 05:46:07','管理员',1),(1230,'分页查询学生信息',1,NULL,'无','2023-05-03 05:46:08','管理员',1),(1231,'分页查询学生信息',1,NULL,'无','2023-05-03 05:46:08','管理员',1),(1232,'分页查询学生信息',1,NULL,'无','2023-05-03 05:46:09','管理员',1),(1233,'分页查询学生信息',1,NULL,'无','2023-05-03 05:46:09','管理员',1),(1234,'分页查询学生信息',1,NULL,'无','2023-05-03 05:46:10','管理员',1),(1235,'分页查询学生信息',1,NULL,'无','2023-05-03 05:46:10','管理员',1),(1236,'分页查询学生信息',1,NULL,'无','2023-05-03 05:46:10','管理员',1),(1237,'分页查询学生信息',1,NULL,'无','2023-05-03 05:46:10','管理员',1),(1238,'分页查询学生信息',1,NULL,'无','2023-05-03 05:46:12','管理员',1),(1239,'分页查询学生信息',1,NULL,'无','2023-05-03 05:46:12','管理员',1),(1240,'分页查询学生信息',1,NULL,'无','2023-05-03 05:46:13','管理员',1),(1241,'分页查询学生信息',1,NULL,'无','2023-05-03 05:46:13','管理员',1),(1242,'分页查询学生信息',1,NULL,'无','2023-05-03 05:46:13','管理员',1),(1243,'分页查询学生信息',1,NULL,'无','2023-05-03 05:46:13','管理员',1),(1244,'分页查询学生信息',1,NULL,'无','2023-05-03 05:46:17','管理员',1),(1245,'分页查询学生信息',1,NULL,'无','2023-05-03 05:46:22','管理员',1),(1246,'分页查询学生信息',1,NULL,'无','2023-05-03 05:46:22','管理员',1),(1247,'分页查询学生信息',1,NULL,'无','2023-05-03 05:46:23','管理员',1),(1248,'分页查询学生信息',1,NULL,'无','2023-05-03 05:46:23','管理员',1),(1249,'分页查询学生信息',1,NULL,'无','2023-05-03 05:46:23','管理员',1),(1250,'分页查询学生信息',1,NULL,'无','2023-05-03 05:46:23','管理员',1),(1251,'分页查询学生信息',1,NULL,'无','2023-05-03 05:46:24','管理员',1),(1252,'分页查询学生信息',1,NULL,'无','2023-05-03 05:46:25','管理员',1),(1253,'分页查询学生信息',1,NULL,'无','2023-05-03 05:46:25','管理员',1),(1254,'分页查询学生信息',1,NULL,'无','2023-05-03 05:46:25','管理员',1),(1255,'分页查询学生信息',1,NULL,'无','2023-05-03 05:46:26','管理员',1),(1256,'分页查询学生信息',1,NULL,'无','2023-05-03 05:46:26','管理员',1),(1257,'分页查询学生信息',1,NULL,'无','2023-05-03 05:48:24','管理员',1),(1258,'分页查询学生信息',1,NULL,'无','2023-05-03 05:48:26','管理员',1),(1259,'分页查询学生信息',1,NULL,'无','2023-05-03 05:48:26','管理员',1),(1260,'分页查询学生信息',1,NULL,'无','2023-05-03 05:48:27','管理员',1),(1261,'分页查询学生信息',1,NULL,'无','2023-05-03 05:48:27','管理员',1),(1262,'分页查询学生信息',1,NULL,'无','2023-05-03 05:48:27','管理员',1),(1263,'分页查询学生信息',1,NULL,'无','2023-05-03 05:48:27','管理员',1),(1264,'分页查询学生信息',1,NULL,'无','2023-05-03 05:48:27','管理员',1),(1265,'分页查询学生信息',1,NULL,'无','2023-05-03 05:48:28','管理员',1),(1266,'分页查询学生信息',1,NULL,'无','2023-05-03 05:48:28','管理员',1),(1267,'分页查询学生信息',1,NULL,'无','2023-05-03 05:48:28','管理员',1),(1268,'分页查询学生信息',1,NULL,'无','2023-05-03 05:48:28','管理员',1),(1269,'分页查询学生信息',1,NULL,'无','2023-05-03 05:48:28','管理员',1),(1270,'分页查询学生信息',1,NULL,'无','2023-05-03 05:48:28','管理员',1),(1271,'分页查询学生信息',1,NULL,'无','2023-05-03 05:48:28','管理员',1),(1272,'分页查询学生信息',1,NULL,'无','2023-05-03 05:48:28','管理员',1),(1273,'分页查询学生信息',1,NULL,'无','2023-05-03 05:48:28','管理员',1),(1274,'分页查询学生信息',1,NULL,'无','2023-05-03 05:48:29','管理员',1),(1275,'分页查询学生信息',1,NULL,'无','2023-05-03 05:48:29','管理员',1),(1276,'分页查询学生信息',1,NULL,'无','2023-05-03 05:48:29','管理员',1),(1277,'分页查询学生信息',1,NULL,'无','2023-05-03 05:48:30','管理员',1),(1278,'分页查询学生信息',1,NULL,'无','2023-05-03 05:48:30','管理员',1),(1279,'分页查询学生信息',1,NULL,'无','2023-05-03 05:48:30','管理员',1),(1280,'分页查询学生信息',1,NULL,'无','2023-05-03 05:48:31','管理员',1),(1281,'分页查询学生信息',1,NULL,'无','2023-05-03 05:48:31','管理员',1),(1282,'分页查询学生信息',1,NULL,'无','2023-05-03 05:48:31','管理员',1),(1283,'分页查询学生信息',1,NULL,'无','2023-05-03 05:48:31','管理员',1),(1284,'分页查询学生信息',1,NULL,'无','2023-05-03 05:48:31','管理员',1),(1285,'分页查询学生信息',1,NULL,'无','2023-05-03 05:48:31','管理员',1),(1286,'分页查询学生信息',1,NULL,'无','2023-05-03 05:48:32','管理员',1),(1287,'分页查询学生信息',1,NULL,'无','2023-05-03 05:48:32','管理员',1),(1288,'分页查询学生信息',1,NULL,'无','2023-05-03 05:48:32','管理员',1),(1289,'分页查询学生信息',1,NULL,'无','2023-05-03 05:48:32','管理员',1),(1290,'分页查询学生信息',1,NULL,'无','2023-05-03 05:48:32','管理员',1),(1291,'分页查询学生信息',1,NULL,'无','2023-05-03 05:48:33','管理员',1),(1292,'分页查询学生信息',1,NULL,'无','2023-05-03 05:48:33','管理员',1),(1293,'分页查询学生信息',1,NULL,'无','2023-05-03 05:48:33','管理员',1),(1294,'分页查询学生信息',1,NULL,'无','2023-05-03 05:48:33','管理员',1),(1295,'分页查询学生信息',1,NULL,'无','2023-05-03 05:48:33','管理员',1),(1296,'分页查询学生信息',1,NULL,'无','2023-05-03 05:48:33','管理员',1),(1297,'分页查询学生信息',1,NULL,'无','2023-05-03 05:48:33','管理员',1),(1298,'分页查询学生信息',1,NULL,'无','2023-05-03 05:48:33','管理员',1),(1299,'分页查询学生信息',1,NULL,'无','2023-05-03 05:48:33','管理员',1),(1300,'分页查询学生信息',1,NULL,'无','2023-05-03 05:48:34','管理员',1),(1301,'分页查询学生信息',1,NULL,'无','2023-05-03 05:48:34','管理员',1),(1302,'分页查询学生信息',1,NULL,'无','2023-05-03 05:48:34','管理员',1),(1303,'分页查询学生信息',1,NULL,'无','2023-05-03 05:48:34','管理员',1),(1304,'分页查询学生信息',1,NULL,'无','2023-05-03 05:48:34','管理员',1),(1305,'分页查询学生信息',1,NULL,'无','2023-05-03 05:48:34','管理员',1),(1306,'分页查询学生信息',1,NULL,'无','2023-05-03 05:48:34','管理员',1),(1307,'分页查询学生信息',1,NULL,'无','2023-05-03 05:48:34','管理员',1),(1308,'分页查询学生信息',1,NULL,'无','2023-05-03 05:48:34','管理员',1),(1309,'分页查询学生信息',1,NULL,'无','2023-05-03 05:48:34','管理员',1),(1310,'分页查询学生信息',1,NULL,'无','2023-05-03 05:48:34','管理员',1),(1311,'分页查询学生信息',1,NULL,'无','2023-05-03 05:48:34','管理员',1),(1312,'分页查询学生信息',1,NULL,'无','2023-05-03 05:48:35','管理员',1),(1313,'分页查询学生信息',1,NULL,'无','2023-05-03 05:48:35','管理员',1),(1314,'分页查询学生信息',1,NULL,'无','2023-05-03 05:48:35','管理员',1),(1315,'分页查询学生信息',1,NULL,'无','2023-05-03 05:48:39','管理员',1),(1316,'分页查询学生信息',1,NULL,'无','2023-05-03 05:48:39','管理员',1),(1317,'分页查询学生信息',1,NULL,'无','2023-05-03 05:48:40','管理员',1),(1318,'分页查询学生信息',1,NULL,'无','2023-05-03 05:48:44','管理员',1),(1319,'分页查询学生信息',1,NULL,'无','2023-05-03 05:48:44','管理员',1),(1320,'分页查询学生信息',1,NULL,'无','2023-05-03 05:48:44','管理员',1),(1321,'分页查询学生信息',1,NULL,'无','2023-05-03 05:53:56','管理员',1),(1322,'分页查询学生信息',1,NULL,'无','2023-05-03 05:55:25','管理员',1),(1323,'分页查询学生信息',1,NULL,'无','2023-05-03 05:55:28','管理员',1),(1324,'分页查询学生信息',1,NULL,'无','2023-05-03 05:55:29','管理员',1),(1325,'分页查询学生信息',1,NULL,'无','2023-05-03 05:55:29','管理员',1),(1326,'分页查询学生信息',1,NULL,'无','2023-05-03 05:55:30','管理员',1),(1327,'分页查询学生信息',1,NULL,'无','2023-05-03 05:55:30','管理员',1),(1328,'分页查询学生信息',1,NULL,'无','2023-05-03 05:55:30','管理员',1),(1329,'分页查询学生信息',1,NULL,'无','2023-05-03 05:55:30','管理员',1),(1330,'分页查询学生信息',1,NULL,'无','2023-05-03 05:55:31','管理员',1),(1331,'分页查询学生信息',1,NULL,'无','2023-05-03 05:55:31','管理员',1),(1332,'分页查询学生信息',1,NULL,'无','2023-05-03 05:55:31','管理员',1),(1333,'分页查询学生信息',1,NULL,'无','2023-05-03 05:55:31','管理员',1),(1334,'分页查询学生信息',1,NULL,'无','2023-05-03 05:55:32','管理员',1),(1335,'分页查询学生信息',1,NULL,'无','2023-05-03 05:55:32','管理员',1),(1336,'分页查询学生信息',1,NULL,'无','2023-05-03 05:55:32','管理员',1),(1337,'分页查询学生信息',1,NULL,'无','2023-05-03 05:55:34','管理员',1),(1338,'分页查询学生信息',1,NULL,'无','2023-05-03 05:55:35','管理员',1),(1339,'分页查询学生信息',1,NULL,'无','2023-05-03 05:55:35','管理员',1),(1340,'分页查询学生信息',1,NULL,'无','2023-05-03 05:55:35','管理员',1),(1341,'分页查询学生信息',1,NULL,'无','2023-05-03 05:56:44','管理员',1),(1342,'分页查询学生信息',1,NULL,'无','2023-05-03 05:56:46','管理员',1),(1343,'分页查询学生信息',1,NULL,'无','2023-05-03 05:56:46','管理员',1),(1344,'分页查询学生信息',1,NULL,'无','2023-05-03 05:56:46','管理员',1),(1345,'分页查询学生信息',1,NULL,'无','2023-05-03 05:56:46','管理员',1),(1346,'分页查询学生信息',1,NULL,'无','2023-05-03 05:56:47','管理员',1),(1347,'分页查询学生信息',1,NULL,'无','2023-05-03 05:56:47','管理员',1),(1348,'分页查询学生信息',1,NULL,'无','2023-05-03 05:56:47','管理员',1),(1349,'分页查询学生信息',1,NULL,'无','2023-05-03 05:58:02','管理员',1),(1350,'分页查询学生信息',1,NULL,'无','2023-05-03 05:58:06','管理员',1),(1351,'分页查询学生信息',1,NULL,'无','2023-05-03 05:58:06','管理员',1),(1352,'分页查询学生信息',1,NULL,'无','2023-05-03 05:58:06','管理员',1),(1353,'分页查询学生信息',1,NULL,'无','2023-05-03 05:58:07','管理员',1),(1354,'分页查询学生信息',1,NULL,'无','2023-05-03 05:58:07','管理员',1),(1355,'分页查询学生信息',1,NULL,'无','2023-05-03 05:58:07','管理员',1),(1356,'分页查询学生信息',1,NULL,'无','2023-05-03 05:58:07','管理员',1),(1357,'分页查询学生信息',1,NULL,'无','2023-05-03 05:58:07','管理员',1),(1358,'分页查询学生信息',1,NULL,'无','2023-05-03 05:58:08','管理员',1),(1359,'分页查询学生信息',1,NULL,'无','2023-05-03 05:58:08','管理员',1),(1360,'分页查询学生信息',1,NULL,'无','2023-05-03 05:58:08','管理员',1),(1361,'分页查询学生信息',1,NULL,'无','2023-05-03 05:58:08','管理员',1),(1362,'分页查询学生信息',1,NULL,'无','2023-05-03 05:58:08','管理员',1),(1363,'分页查询学生信息',1,NULL,'无','2023-05-03 05:58:08','管理员',1),(1364,'分页查询学生信息',1,NULL,'无','2023-05-03 06:00:01','管理员',1),(1365,'分页查询学生信息',1,NULL,'无','2023-05-03 06:00:03','管理员',1),(1366,'分页查询学生信息',1,NULL,'无','2023-05-03 06:00:03','管理员',1),(1367,'分页查询学生信息',1,NULL,'无','2023-05-03 06:00:15','管理员',1),(1368,'分页查询学生信息',1,NULL,'无','2023-05-03 06:00:15','管理员',1),(1369,'分页查询学生信息',1,NULL,'无','2023-05-03 06:00:35','管理员',1),(1370,'分页查询学生信息',1,NULL,'无','2023-05-03 06:00:38','管理员',1),(1371,'分页查询学生信息',1,NULL,'无','2023-05-03 06:00:38','管理员',1),(1372,'分页查询学生信息',1,NULL,'无','2023-05-03 06:01:01','管理员',1),(1373,'分页查询学生信息',1,NULL,'无','2023-05-03 06:01:13','管理员',1),(1374,'分页查询学生信息',1,NULL,'无','2023-05-03 06:01:14','管理员',1),(1375,'分页查询学生信息',1,NULL,'无','2023-05-03 06:01:14','管理员',1),(1376,'分页查询学生信息',1,NULL,'无','2023-05-03 06:01:26','管理员',1),(1377,'分页查询学生信息',1,NULL,'无','2023-05-03 06:01:26','管理员',1),(1378,'分页查询学生信息',1,NULL,'无','2023-05-03 06:01:26','管理员',1),(1379,'分页查询学生信息',1,NULL,'无','2023-05-03 06:01:35','管理员',1),(1380,'分页查询学生信息',1,NULL,'无','2023-05-03 06:01:35','管理员',1),(1381,'分页查询学生信息',1,NULL,'无','2023-05-03 06:01:35','管理员',1),(1382,'分页查询学生信息',1,NULL,'无','2023-05-03 06:02:35','管理员',1),(1383,'分页查询学生信息',1,NULL,'无','2023-05-03 06:02:35','管理员',1),(1384,'分页查询学生信息',1,NULL,'无','2023-05-03 06:02:51','管理员',1),(1385,'分页查询学生信息',1,NULL,'无','2023-05-03 06:06:21','管理员',1),(1386,'分页查询学生信息',1,NULL,'无','2023-05-03 06:06:27','管理员',1),(1387,'分页查询学生信息',1,NULL,'无','2023-05-03 06:06:27','管理员',1),(1388,'分页查询学生信息',1,NULL,'无','2023-05-03 06:10:49','管理员',1),(1389,'分页查询学生信息',1,NULL,'无','2023-05-03 06:10:56','管理员',1),(1390,'分页查询学生信息',1,NULL,'无','2023-05-03 06:10:56','管理员',1),(1391,'分页查询学生信息',1,NULL,'无','2023-05-03 06:10:56','管理员',1),(1392,'分页查询学生信息',1,NULL,'无','2023-05-03 06:10:56','管理员',1),(1393,'分页查询学生信息',1,NULL,'无','2023-05-03 06:10:56','管理员',1),(1394,'分页查询学生信息',1,NULL,'无','2023-05-03 06:10:59','管理员',1),(1395,'分页查询学生信息',1,NULL,'无','2023-05-03 06:10:59','管理员',1),(1396,'分页查询学生信息',1,NULL,'无','2023-05-03 06:10:59','管理员',1),(1397,'分页查询学生信息',1,NULL,'无','2023-05-03 06:10:59','管理员',1),(1398,'分页查询学生信息',1,NULL,'无','2023-05-03 06:10:59','管理员',1),(1399,'分页查询学生信息',1,NULL,'无','2023-05-03 06:11:00','管理员',1),(1400,'分页查询学生信息',1,NULL,'无','2023-05-03 06:11:00','管理员',1),(1401,'分页查询学生信息',1,NULL,'无','2023-05-03 06:11:01','管理员',1),(1402,'分页查询学生信息',1,NULL,'无','2023-05-03 06:11:01','管理员',1),(1403,'分页查询学生信息',1,NULL,'无','2023-05-03 06:11:02','管理员',1),(1404,'分页查询学生信息',1,NULL,'无','2023-05-03 06:11:02','管理员',1),(1405,'分页查询学生信息',1,NULL,'无','2023-05-03 06:11:02','管理员',1),(1406,'分页查询学生信息',1,NULL,'无','2023-05-03 06:11:02','管理员',1),(1407,'分页查询学生信息',1,NULL,'无','2023-05-03 06:11:02','管理员',1),(1408,'分页查询学生信息',1,NULL,'无','2023-05-03 06:11:04','管理员',1),(1409,'分页查询学生信息',1,NULL,'无','2023-05-03 06:11:04','管理员',1),(1410,'分页查询学生信息',1,NULL,'无','2023-05-03 06:11:05','管理员',1),(1411,'分页查询学生信息',1,NULL,'无','2023-05-03 06:11:05','管理员',1),(1412,'分页查询学生信息',1,NULL,'无','2023-05-03 06:12:17','管理员',1),(1413,'分页查询学生信息',1,NULL,'无','2023-05-03 06:12:21','管理员',1),(1414,'分页查询学生信息',1,NULL,'无','2023-05-03 06:12:21','管理员',1),(1415,'分页查询学生信息',1,NULL,'无','2023-05-03 06:12:22','管理员',1),(1416,'分页查询学生信息',1,NULL,'无','2023-05-03 06:12:24','管理员',1),(1417,'分页查询学生信息',1,NULL,'无','2023-05-03 06:12:24','管理员',1),(1418,'分页查询学生信息',1,NULL,'无','2023-05-03 06:12:24','管理员',1),(1419,'分页查询学生信息',1,NULL,'无','2023-05-03 06:12:26','管理员',1),(1420,'分页查询学生信息',1,NULL,'无','2023-05-03 06:12:26','管理员',1),(1421,'分页查询学生信息',1,NULL,'无','2023-05-03 06:13:15','管理员',1),(1422,'分页查询学生信息',1,NULL,'无','2023-05-03 06:13:17','管理员',1),(1423,'分页查询学生信息',1,NULL,'无','2023-05-03 06:13:18','管理员',1),(1424,'分页查询学生信息',1,NULL,'无','2023-05-03 06:13:18','管理员',1),(1425,'分页查询学生信息',1,NULL,'无','2023-05-03 06:13:19','管理员',1),(1426,'分页查询学生信息',1,NULL,'无','2023-05-03 06:13:19','管理员',1),(1427,'分页查询学生信息',1,NULL,'无','2023-05-03 06:13:19','管理员',1),(1428,'分页查询学生信息',1,NULL,'无','2023-05-03 06:13:19','管理员',1),(1429,'分页查询学生信息',1,NULL,'无','2023-05-03 06:13:20','管理员',1),(1430,'分页查询学生信息',1,NULL,'无','2023-05-03 06:13:20','管理员',1),(1431,'分页查询学生信息',1,NULL,'无','2023-05-03 06:13:55','管理员',1),(1432,'分页查询学生信息',1,NULL,'无','2023-05-03 06:13:57','管理员',1),(1433,'分页查询学生信息',1,NULL,'无','2023-05-03 06:13:57','管理员',1),(1434,'分页查询学生信息',1,NULL,'无','2023-05-03 06:13:57','管理员',1),(1435,'分页查询学生信息',1,NULL,'无','2023-05-03 06:13:58','管理员',1),(1436,'分页查询学生信息',1,NULL,'无','2023-05-03 06:13:58','管理员',1),(1437,'分页查询学生信息',1,NULL,'无','2023-05-03 06:13:58','管理员',1),(1438,'分页查询学生信息',1,NULL,'无','2023-05-03 06:13:58','管理员',1),(1439,'分页查询学生信息',1,NULL,'无','2023-05-03 06:13:58','管理员',1),(1440,'分页查询学生信息',1,NULL,'无','2023-05-03 06:13:59','管理员',1),(1441,'分页查询学生信息',1,NULL,'无','2023-05-03 06:13:59','管理员',1),(1442,'分页查询学生信息',1,NULL,'无','2023-05-03 06:14:00','管理员',1),(1443,'分页查询学生信息',1,NULL,'无','2023-05-03 06:14:00','管理员',1),(1444,'分页查询学生信息',1,NULL,'无','2023-05-03 06:14:00','管理员',1),(1445,'分页查询学生信息',1,NULL,'无','2023-05-03 06:14:01','管理员',1),(1446,'分页查询学生信息',1,NULL,'无','2023-05-03 06:14:01','管理员',1),(1447,'分页查询学生信息',1,NULL,'无','2023-05-03 06:14:02','管理员',1),(1448,'分页查询学生信息',1,NULL,'无','2023-05-03 06:14:02','管理员',1),(1449,'分页查询学生信息',1,NULL,'无','2023-05-03 06:14:02','管理员',1),(1450,'分页查询学生信息',1,NULL,'无','2023-05-03 06:14:04','管理员',1),(1451,'分页查询学生信息',1,NULL,'无','2023-05-03 06:14:04','管理员',1),(1452,'分页查询学生信息',1,NULL,'无','2023-05-03 06:14:04','管理员',1),(1453,'分页查询学生信息',1,NULL,'无','2023-05-03 06:14:05','管理员',1),(1454,'分页查询学生信息',1,NULL,'无','2023-05-03 06:14:05','管理员',1),(1455,'分页查询学生信息',1,NULL,'无','2023-05-03 06:14:06','管理员',1),(1456,'分页查询学生信息',1,NULL,'无','2023-05-03 06:14:06','管理员',1),(1457,'分页查询学生信息',1,NULL,'无','2023-05-03 06:14:08','管理员',1),(1458,'分页查询学生信息',1,NULL,'无','2023-05-03 06:14:08','管理员',1),(1459,'分页查询学生信息',1,NULL,'无','2023-05-03 06:14:08','管理员',1),(1460,'分页查询学生信息',1,NULL,'无','2023-05-03 06:14:09','管理员',1),(1461,'分页查询学生信息',1,NULL,'无','2023-05-03 06:14:09','管理员',1),(1462,'分页查询学生信息',1,NULL,'无','2023-05-03 06:14:09','管理员',1),(1463,'分页查询学生信息',1,NULL,'无','2023-05-03 06:14:09','管理员',1),(1464,'分页查询学生信息',1,NULL,'无','2023-05-03 06:14:10','管理员',1),(1465,'分页查询学生信息',1,NULL,'无','2023-05-03 06:14:10','管理员',1),(1466,'分页查询学生信息',1,NULL,'无','2023-05-03 06:14:10','管理员',1),(1467,'分页查询学生信息',1,NULL,'无','2023-05-03 06:14:10','管理员',1),(1468,'分页查询学生信息',1,NULL,'无','2023-05-03 06:14:10','管理员',1),(1469,'分页查询学生信息',1,NULL,'无','2023-05-03 06:14:11','管理员',1),(1470,'分页查询学生信息',1,NULL,'无','2023-05-03 06:14:11','管理员',1),(1471,'分页查询学生信息',1,NULL,'无','2023-05-03 06:14:11','管理员',1),(1472,'分页查询学生信息',1,NULL,'无','2023-05-03 06:14:12','管理员',1),(1473,'分页查询学生信息',1,NULL,'无','2023-05-03 06:14:12','管理员',1),(1474,'分页查询学生信息',1,NULL,'无','2023-05-03 06:14:13','管理员',1),(1475,'分页查询学生信息',1,NULL,'无','2023-05-03 06:14:13','管理员',1),(1476,'分页查询学生信息',1,NULL,'无','2023-05-03 06:14:13','管理员',1),(1477,'分页查询学生信息',1,NULL,'无','2023-05-03 06:14:14','管理员',1),(1478,'分页查询学生信息',1,NULL,'无','2023-05-03 06:14:14','管理员',1),(1479,'分页查询学生信息',1,NULL,'无','2023-05-03 06:14:14','管理员',1),(1480,'分页查询学生信息',1,NULL,'无','2023-05-03 06:14:14','管理员',1),(1481,'分页查询学生信息',1,NULL,'无','2023-05-03 06:14:14','管理员',1),(1482,'分页查询学生信息',1,NULL,'无','2023-05-03 06:14:15','管理员',1),(1483,'分页查询学生信息',1,NULL,'无','2023-05-03 06:15:20','管理员',1),(1484,'分页查询学生信息',1,NULL,'无','2023-05-03 06:16:02','管理员',1),(1485,'分页查询学生信息',1,NULL,'无','2023-05-03 07:50:46','管理员',1),(1486,'分页查询学生信息',1,NULL,'无','2023-05-03 07:50:48','管理员',1),(1487,'分页查询学生信息',1,NULL,'无','2023-05-03 07:50:48','管理员',1),(1488,'分页查询学生信息',1,NULL,'无','2023-05-03 07:50:49','管理员',1),(1489,'分页查询学生信息',1,NULL,'无','2023-05-03 07:50:49','管理员',1),(1490,'分页查询学生信息',1,NULL,'无','2023-05-03 07:50:49','管理员',1),(1491,'分页查询学生信息',1,NULL,'无','2023-05-03 07:50:49','管理员',1),(1492,'分页查询学生信息',1,NULL,'无','2023-05-03 07:50:50','管理员',1),(1493,'分页查询学生信息',1,NULL,'无','2023-05-03 07:50:50','管理员',1),(1494,'分页查询学生信息',1,NULL,'无','2023-05-03 07:50:50','管理员',1),(1495,'分页查询学生信息',1,NULL,'无','2023-05-03 07:50:50','管理员',1),(1496,'分页查询学生信息',1,NULL,'无','2023-05-03 07:50:50','管理员',1),(1497,'分页查询学生信息',1,NULL,'无','2023-05-03 07:50:50','管理员',1),(1498,'分页查询学生信息',1,NULL,'无','2023-05-03 07:51:47','管理员',1),(1499,'分页查询学生信息',1,NULL,'无','2023-05-03 07:51:49','管理员',1),(1500,'分页查询学生信息',1,NULL,'无','2023-05-03 07:51:49','管理员',1),(1501,'分页查询学生信息',1,NULL,'无','2023-05-03 07:52:46','管理员',1),(1502,'分页查询学生信息',1,NULL,'无','2023-05-03 07:52:49','管理员',1),(1503,'分页查询学生信息',1,NULL,'无','2023-05-03 07:52:49','管理员',1),(1504,'分页查询学生信息',1,NULL,'无','2023-05-03 07:52:49','管理员',1),(1505,'分页查询学生信息',1,NULL,'无','2023-05-03 07:52:49','管理员',1),(1506,'分页查询学生信息',1,NULL,'无','2023-05-03 07:52:49','管理员',1),(1507,'分页查询学生信息',1,NULL,'无','2023-05-03 07:52:49','管理员',1),(1508,'分页查询学生信息',1,NULL,'无','2023-05-03 07:52:50','管理员',1),(1509,'分页查询学生信息',1,NULL,'无','2023-05-03 07:52:50','管理员',1),(1510,'分页查询学生信息',1,NULL,'无','2023-05-03 07:52:50','管理员',1),(1511,'分页查询学生信息',1,NULL,'无','2023-05-03 07:52:50','管理员',1),(1512,'分页查询学生信息',1,NULL,'无','2023-05-03 07:53:03','管理员',1),(1513,'分页查询学生信息',1,NULL,'无','2023-05-03 07:53:10','管理员',1),(1514,'分页查询学生信息',1,NULL,'无','2023-05-03 07:54:35','管理员',1),(1515,'分页查询学生信息',1,NULL,'无','2023-05-03 07:54:38','管理员',1),(1516,'分页查询学生信息',1,NULL,'无','2023-05-03 07:54:38','管理员',1),(1517,'分页查询学生信息',1,NULL,'无','2023-05-03 07:54:40','管理员',1),(1518,'分页查询学生信息',1,NULL,'无','2023-05-03 07:54:40','管理员',1),(1519,'分页查询学生信息',1,NULL,'无','2023-05-03 07:54:40','管理员',1),(1520,'分页查询学生信息',1,NULL,'无','2023-05-03 07:54:40','管理员',1),(1521,'分页查询学生信息',1,NULL,'无','2023-05-03 07:54:41','管理员',1),(1522,'分页查询学生信息',1,NULL,'无','2023-05-03 07:54:41','管理员',1),(1523,'分页查询学生信息',1,NULL,'无','2023-05-03 07:54:43','管理员',1),(1524,'分页查询学生信息',1,NULL,'无','2023-05-03 07:54:43','管理员',1),(1525,'分页查询学生信息',1,NULL,'无','2023-05-03 07:54:43','管理员',1),(1526,'分页查询学生信息',1,NULL,'无','2023-05-03 07:54:43','管理员',1),(1527,'分页查询学生信息',1,NULL,'无','2023-05-03 07:54:44','管理员',1),(1528,'分页查询学生信息',1,NULL,'无','2023-05-03 07:54:44','管理员',1),(1529,'分页查询学生信息',1,NULL,'无','2023-05-03 07:54:45','管理员',1),(1530,'分页查询学生信息',1,NULL,'无','2023-05-03 07:54:45','管理员',1),(1531,'分页查询学生信息',1,NULL,'无','2023-05-03 07:54:46','管理员',1),(1532,'分页查询学生信息',1,NULL,'无','2023-05-03 07:54:46','管理员',1),(1533,'分页查询学生信息',1,NULL,'无','2023-05-03 07:54:47','管理员',1),(1534,'分页查询学生信息',1,NULL,'无','2023-05-03 07:54:47','管理员',1),(1535,'分页查询学生信息',1,NULL,'无','2023-05-03 07:55:12','管理员',1),(1536,'分页查询学生信息',1,NULL,'无','2023-05-03 07:55:12','管理员',1),(1537,'分页查询学生信息',1,NULL,'无','2023-05-03 07:55:13','管理员',1),(1538,'分页查询学生信息',1,NULL,'无','2023-05-03 07:55:13','管理员',1),(1539,'分页查询学生信息',1,NULL,'无','2023-05-03 07:55:17','管理员',1),(1540,'分页查询学生信息',1,NULL,'无','2023-05-03 07:55:17','管理员',1),(1541,'分页查询学生信息',1,NULL,'无','2023-05-03 07:55:18','管理员',1),(1542,'分页查询学生信息',1,NULL,'无','2023-05-03 07:55:18','管理员',1),(1543,'分页查询学生信息',1,NULL,'无','2023-05-03 08:00:47','管理员',1),(1544,'分页查询学生信息',1,NULL,'无','2023-05-03 08:02:12','管理员',1),(1545,'分页查询学生信息',1,NULL,'无','2023-05-03 08:02:20','管理员',1),(1546,'分页查询学生信息',1,NULL,'无','2023-05-03 08:02:27','管理员',1),(1547,'分页查询学生信息',1,NULL,'无','2023-05-03 08:02:28','管理员',1),(1548,'分页查询学生信息',1,NULL,'无','2023-05-03 08:02:28','管理员',1),(1549,'分页查询学生信息',1,NULL,'无','2023-05-03 08:02:28','管理员',1),(1550,'分页查询学生信息',1,NULL,'无','2023-05-03 08:02:29','管理员',1),(1551,'分页查询学生信息',1,NULL,'无','2023-05-03 08:02:29','管理员',1),(1552,'分页查询学生信息',1,NULL,'无','2023-05-03 08:03:36','管理员',1),(1553,'分页查询学生信息',1,NULL,'无','2023-05-03 08:03:38','管理员',1),(1554,'分页查询学生信息',1,NULL,'无','2023-05-03 08:03:45','管理员',1),(1555,'分页查询学生信息',1,NULL,'无','2023-05-03 08:03:49','管理员',1),(1556,'分页查询学生信息',1,NULL,'无','2023-05-03 08:03:52','管理员',1),(1557,'分页查询学生信息',1,NULL,'无','2023-05-03 08:03:57','管理员',1),(1558,'分页查询学生信息',1,NULL,'无','2023-05-03 08:04:00','管理员',1),(1559,'分页查询学生信息',1,NULL,'无','2023-05-03 08:04:02','管理员',1),(1560,'分页查询学生信息',1,NULL,'无','2023-05-03 08:05:49','管理员',1),(1561,'分页查询学生信息',1,NULL,'无','2023-05-03 08:05:51','管理员',1),(1562,'分页查询学生信息',1,NULL,'无','2023-05-03 08:05:54','管理员',1),(1563,'分页查询学生信息',1,NULL,'无','2023-05-03 08:13:14','管理员',1),(1564,'分页查询学生信息',1,NULL,'无','2023-05-03 08:13:55','管理员',1),(1565,'分页查询学生信息',1,NULL,'无','2023-05-03 08:14:48','管理员',1),(1566,'分页查询学生信息',1,NULL,'无','2023-05-03 08:14:50','管理员',1),(1567,'分页查询学生信息',1,NULL,'无','2023-05-03 08:14:57','管理员',1),(1568,'分页查询学生信息',1,NULL,'无','2023-05-03 08:15:18','管理员',1),(1569,'分页查询学生信息',1,NULL,'无','2023-05-03 08:15:22','管理员',1),(1570,'分页查询学生信息',1,NULL,'无','2023-05-03 08:16:03','管理员',1),(1571,'分页查询学生信息',1,NULL,'无','2023-05-03 08:16:56','管理员',1),(1572,'分页查询学生信息',1,NULL,'无','2023-05-03 08:16:58','管理员',1),(1573,'分页查询学生信息',1,NULL,'无','2023-05-03 08:17:03','管理员',1),(1574,'分页查询学生信息',1,NULL,'无','2023-05-03 08:17:07','管理员',1),(1575,'分页查询学生信息',1,NULL,'无','2023-05-03 08:17:07','管理员',1),(1576,'分页查询学生信息',1,NULL,'无','2023-05-03 08:17:09','管理员',1),(1577,'分页查询学生信息',1,NULL,'无','2023-05-03 08:17:11','管理员',1),(1578,'分页查询学生信息',1,NULL,'无','2023-05-03 08:17:12','管理员',1),(1579,'分页查询学生信息',1,NULL,'无','2023-05-03 08:18:25','管理员',1),(1580,'分页查询学生信息',1,NULL,'无','2023-05-03 08:18:27','管理员',1),(1581,'分页查询学生信息',1,NULL,'无','2023-05-03 08:18:35','管理员',1),(1582,'分页查询学生信息',1,NULL,'无','2023-05-03 08:22:32','管理员',1),(1583,'分页查询学生信息',1,NULL,'无','2023-05-03 08:22:36','管理员',1),(1584,'分页查询学生信息',1,NULL,'无','2023-05-03 08:22:39','管理员',1),(1585,'分页查询学生信息',1,NULL,'无','2023-05-03 08:22:40','管理员',1),(1586,'分页查询学生信息',1,NULL,'无','2023-05-03 08:22:45','管理员',1),(1587,'分页查询学生信息',1,NULL,'无','2023-05-03 08:22:47','管理员',1),(1588,'分页查询学生信息',1,NULL,'无','2023-05-03 08:22:49','管理员',1),(1589,'分页查询学生信息',1,NULL,'无','2023-05-03 08:22:49','管理员',1),(1590,'分页查询学生信息',1,NULL,'无','2023-05-03 08:22:54','管理员',1),(1591,'分页查询学生信息',1,NULL,'无','2023-05-03 08:22:54','管理员',1),(1592,'分页查询学生信息',1,NULL,'无','2023-05-03 08:23:01','管理员',1),(1593,'分页查询学生信息',1,NULL,'无','2023-05-03 08:23:01','管理员',1),(1594,'分页查询学生信息',1,NULL,'无','2023-05-03 08:23:04','管理员',1),(1595,'分页查询学生信息',1,NULL,'无','2023-05-03 08:23:04','管理员',1),(1596,'分页查询学生信息',1,NULL,'无','2023-05-03 08:23:06','管理员',1),(1597,'分页查询学生信息',1,NULL,'无','2023-05-03 08:23:06','管理员',1),(1598,'分页查询学生信息',1,NULL,'无','2023-05-03 08:23:09','管理员',1),(1599,'分页查询学生信息',1,NULL,'无','2023-05-03 08:23:09','管理员',1),(1600,'分页查询学生信息',1,NULL,'无','2023-05-03 08:23:14','管理员',1),(1601,'分页查询学生信息',1,NULL,'无','2023-05-03 08:23:18','管理员',1),(1602,'分页查询学生信息',1,NULL,'无','2023-05-03 08:23:18','管理员',1),(1603,'分页查询学生信息',1,NULL,'无','2023-05-03 08:23:19','管理员',1),(1604,'分页查询学生信息',1,NULL,'无','2023-05-03 08:23:19','管理员',1),(1605,'分页查询学生信息',1,NULL,'无','2023-05-03 08:23:19','管理员',1),(1606,'分页查询学生信息',1,NULL,'无','2023-05-03 08:23:19','管理员',1),(1607,'分页查询学生信息',1,NULL,'无','2023-05-03 08:23:20','管理员',1),(1608,'分页查询学生信息',1,NULL,'无','2023-05-03 08:23:20','管理员',1),(1609,'分页查询学生信息',1,NULL,'无','2023-05-03 08:23:21','管理员',1),(1610,'分页查询学生信息',1,NULL,'无','2023-05-03 08:23:21','管理员',1),(1611,'分页查询学生信息',1,NULL,'无','2023-05-03 08:23:27','管理员',1),(1612,'分页查询学生信息',1,NULL,'无','2023-05-03 08:23:38','管理员',1),(1613,'分页查询学生信息',1,NULL,'无','2023-05-03 08:23:38','管理员',1),(1614,'分页查询学生信息',1,NULL,'无','2023-05-03 08:23:47','管理员',1),(1615,'分页查询学生信息',1,NULL,'无','2023-05-03 08:23:49','管理员',1),(1616,'分页查询学生信息',1,NULL,'无','2023-05-03 08:23:52','管理员',1),(1617,'分页查询学生信息',1,NULL,'无','2023-05-03 08:29:09','管理员',1),(1618,'分页查询学生信息',1,NULL,'无','2023-05-03 08:29:12','管理员',1),(1619,'分页查询学生信息',1,NULL,'无','2023-05-03 08:29:14','管理员',1),(1620,'分页查询学生信息',1,NULL,'无','2023-05-03 08:29:14','管理员',1),(1621,'分页查询学生信息',1,NULL,'无','2023-05-03 08:29:22','管理员',1),(1622,'分页查询学生信息',1,NULL,'无','2023-05-03 08:29:22','管理员',1),(1623,'分页查询学生信息',1,NULL,'无','2023-05-03 08:29:26','管理员',1),(1624,'分页查询学生信息',1,NULL,'无','2023-05-03 08:29:26','管理员',1),(1625,'分页查询学生信息',1,NULL,'无','2023-05-03 08:29:30','管理员',1),(1626,'分页查询学生信息',1,NULL,'无','2023-05-03 08:29:31','管理员',1),(1627,'分页查询学生信息',1,NULL,'无','2023-05-03 08:29:31','管理员',1),(1628,'分页查询学生信息',1,NULL,'无','2023-05-03 08:29:33','管理员',1),(1629,'分页查询学生信息',1,NULL,'无','2023-05-03 08:29:33','管理员',1),(1630,'分页查询学生信息',1,NULL,'无','2023-05-03 08:29:36','管理员',1),(1631,'分页查询学生信息',1,NULL,'无','2023-05-03 08:29:36','管理员',1),(1632,'分页查询学生信息',1,NULL,'无','2023-05-03 08:29:38','管理员',1),(1633,'分页查询学生信息',1,NULL,'无','2023-05-03 08:29:40','管理员',1),(1634,'分页查询学生信息',1,NULL,'无','2023-05-03 08:29:40','管理员',1),(1635,'分页查询学生信息',1,NULL,'无','2023-05-03 08:30:42','管理员',1),(1636,'分页查询学生信息',1,NULL,'无','2023-05-03 08:30:45','管理员',1),(1637,'分页查询学生信息',1,NULL,'无','2023-05-03 08:30:47','管理员',1),(1638,'分页查询学生信息',1,NULL,'无','2023-05-03 08:30:47','管理员',1),(1639,'分页查询学生信息',1,NULL,'无','2023-05-03 08:30:52','管理员',1),(1640,'分页查询学生信息',1,NULL,'无','2023-05-03 08:30:55','管理员',1),(1641,'分页查询学生信息',1,NULL,'无','2023-05-03 08:30:57','管理员',1),(1642,'分页查询学生信息',1,NULL,'无','2023-05-03 08:30:57','管理员',1),(1643,'分页查询学生信息',1,NULL,'无','2023-05-03 08:31:12','管理员',1),(1644,'分页查询学生信息',1,NULL,'无','2023-05-03 08:31:15','管理员',1),(1645,'分页查询学生信息',1,NULL,'无','2023-05-03 08:31:15','管理员',1),(1646,'分页查询学生信息',1,NULL,'无','2023-05-03 08:31:17','管理员',1),(1647,'分页查询学生信息',1,NULL,'无','2023-05-03 08:31:19','管理员',1),(1648,'分页查询学生信息',1,NULL,'无','2023-05-03 08:31:20','管理员',1),(1649,'分页查询学生信息',1,NULL,'无','2023-05-03 08:31:27','管理员',1),(1650,'分页查询学生信息',1,NULL,'无','2023-05-03 08:31:29','管理员',1),(1651,'分页查询学生信息',1,NULL,'无','2023-05-03 08:31:29','管理员',1),(1652,'分页查询学生信息',1,NULL,'无','2023-05-03 08:31:30','管理员',1),(1653,'分页查询学生信息',1,NULL,'无','2023-05-03 08:31:30','管理员',1),(1654,'分页查询学生信息',1,NULL,'无','2023-05-03 08:31:36','管理员',1),(1655,'分页查询学生信息',1,NULL,'无','2023-05-03 08:31:36','管理员',1),(1656,'分页查询学生信息',1,NULL,'无','2023-05-03 08:31:42','管理员',1),(1657,'分页查询学生信息',1,NULL,'无','2023-05-03 08:31:42','管理员',1),(1658,'分页查询学生信息',1,NULL,'无','2023-05-03 08:33:17','管理员',1),(1659,'分页查询学生信息',1,NULL,'无','2023-05-03 08:33:19','管理员',1),(1660,'分页查询学生信息',1,NULL,'无','2023-05-03 08:33:25','管理员',1),(1661,'分页查询学生信息',1,NULL,'无','2023-05-03 08:33:25','管理员',1),(1662,'分页查询学生信息',1,NULL,'无','2023-05-03 08:33:28','管理员',1),(1663,'分页查询学生信息',1,NULL,'无','2023-05-03 08:33:28','管理员',1),(1664,'分页查询学生信息',1,NULL,'无','2023-05-03 08:33:30','管理员',1),(1665,'分页查询学生信息',1,NULL,'无','2023-05-03 08:33:30','管理员',1),(1666,'分页查询学生信息',1,NULL,'无','2023-05-03 08:33:36','管理员',1),(1667,'分页查询学生信息',1,NULL,'无','2023-05-03 08:33:36','管理员',1),(1668,'分页查询学生信息',1,NULL,'无','2023-05-03 08:33:37','管理员',1),(1669,'分页查询学生信息',1,NULL,'无','2023-05-03 08:33:37','管理员',1),(1670,'分页查询学生信息',1,NULL,'无','2023-05-03 08:33:50','管理员',1),(1671,'分页查询学生信息',1,NULL,'无','2023-05-03 08:33:53','管理员',1),(1672,'分页查询学生信息',1,NULL,'无','2023-05-03 08:33:53','管理员',1),(1673,'分页查询学生信息',1,NULL,'无','2023-05-03 09:09:17','管理员',1),(1674,'分页查询学生信息',1,NULL,'无','2023-05-03 09:12:12','管理员',1),(1675,'分页查询学生信息',1,NULL,'无','2023-05-03 09:12:15','管理员',1),(1676,'分页查询学生信息',1,NULL,'无','2023-05-03 09:14:02','管理员',1),(1677,'分页查询学生信息',1,NULL,'无','2023-05-03 09:14:05','管理员',1),(1678,'分页查询学生信息',1,NULL,'无','2023-05-03 09:14:06','管理员',1),(1679,'分页查询学生信息',1,NULL,'无','2023-05-03 09:24:33','管理员',1),(1680,'分页查询学生信息',1,NULL,'无','2023-05-03 09:25:31','管理员',1),(1681,'分页查询学生信息',1,NULL,'无','2023-05-03 09:25:32','管理员',1),(1682,'分页查询学生信息',1,NULL,'无','2023-05-03 09:26:19','管理员',1),(1683,'分页查询学生信息',1,NULL,'无','2023-05-03 09:26:25','管理员',1),(1684,'分页查询学生信息',1,NULL,'无','2023-05-03 09:26:26','管理员',1),(1685,'分页查询学生信息',1,NULL,'无','2023-05-03 09:26:27','管理员',1),(1686,'分页查询学生信息',1,NULL,'无','2023-05-03 09:26:27','管理员',1),(1687,'分页查询学生信息',1,NULL,'无','2023-05-03 09:26:28','管理员',1),(1688,'分页查询学生信息',1,NULL,'无','2023-05-03 09:29:28','管理员',1),(1689,'分页查询学生信息',1,NULL,'无','2023-05-03 09:30:03','管理员',1),(1690,'分页查询学生信息',1,NULL,'无','2023-05-03 09:30:04','管理员',1),(1691,'分页查询学生信息',1,NULL,'无','2023-05-03 09:39:17','管理员',1),(1692,'分页查询学生信息',1,NULL,'无','2023-05-03 09:39:18','管理员',1),(1693,'分页查询学生信息',1,NULL,'无','2023-05-03 09:42:11','管理员',1),(1694,'分页查询学生信息',1,NULL,'无','2023-05-03 09:42:12','管理员',1),(1695,'分页查询学生信息',1,NULL,'无','2023-05-03 09:46:55','管理员',1),(1696,'分页查询学生信息',1,NULL,'无','2023-05-03 09:46:55','管理员',1),(1697,'分页查询学生信息',1,NULL,'无','2023-05-03 09:47:00','管理员',1),(1698,'分页查询学生信息',1,NULL,'无','2023-05-03 09:48:14','管理员',1),(1699,'分页查询学生信息',1,NULL,'无','2023-05-03 09:48:15','管理员',1),(1700,'分页查询学生信息',1,NULL,'无','2023-05-03 09:48:29','管理员',1),(1701,'分页查询学生信息',1,NULL,'无','2023-05-03 09:48:29','管理员',1),(1702,'分页查询学生信息',1,NULL,'无','2023-05-03 09:48:29','管理员',1),(1703,'分页查询学生信息',1,NULL,'无','2023-05-03 09:48:46','管理员',1),(1704,'分页查询学生信息',1,NULL,'无','2023-05-03 09:51:41','管理员',1),(1705,'分页查询学生信息',1,NULL,'无','2023-05-03 09:51:49','管理员',1),(1706,'分页查询学生信息',1,NULL,'无','2023-05-03 09:51:49','管理员',1),(1707,'分页查询学生信息',1,NULL,'无','2023-05-03 09:51:49','管理员',1),(1708,'分页查询学生信息',1,NULL,'无','2023-05-03 09:53:31','管理员',1),(1709,'分页查询学生信息',1,NULL,'无','2023-05-03 09:53:34','管理员',1),(1710,'分页查询学生信息',1,NULL,'无','2023-05-03 09:53:34','管理员',1),(1711,'分页查询学生信息',1,NULL,'无','2023-05-03 09:53:34','管理员',1),(1712,'分页查询学生信息',1,NULL,'无','2023-05-03 09:53:41','管理员',1),(1713,'分页查询学生信息',1,NULL,'无','2023-05-03 09:53:41','管理员',1),(1714,'分页查询学生信息',1,NULL,'无','2023-05-03 09:53:49','管理员',1),(1715,'分页查询学生信息',1,NULL,'无','2023-05-03 09:53:49','管理员',1),(1716,'分页查询学生信息',1,1,'无','2023-05-03 10:31:09','普通员工',NULL),(1717,'分页查询学生信息',1,NULL,'无','2023-05-03 10:34:18','管理员',1),(1718,'分页查询学生信息',1,NULL,'无','2023-05-03 10:34:19','管理员',1),(1719,'分页查询学生信息',1,NULL,'无','2023-05-03 10:34:19','管理员',1),(1720,'分页查询学生信息',1,NULL,'无','2023-05-03 10:34:26','管理员',1),(1721,'分页查询学生信息',1,NULL,'无','2023-05-03 10:34:26','管理员',1),(1722,'分页查询学生信息',1,NULL,'无','2023-05-03 10:34:26','管理员',1),(1723,'分页查询学生信息',1,1,'无','2023-05-03 11:08:18','普通员工',NULL),(1724,'分页查询学生信息',1,1,'无','2023-05-03 11:08:19','普通员工',NULL),(1725,'分页查询学生信息',1,1,'无','2023-05-03 11:08:19','普通员工',NULL),(1726,'分页查询学生信息',1,NULL,'无','2023-05-03 11:11:35','管理员',1),(1727,'分页查询学生信息',1,NULL,'无','2023-05-03 11:11:35','管理员',1),(1728,'分页查询学生信息',1,NULL,'无','2023-05-03 11:11:35','管理员',1),(1729,'分页查询学生信息',1,NULL,'无','2023-05-03 11:13:11','管理员',1),(1730,'分页查询学生信息',1,NULL,'无','2023-05-03 11:13:12','管理员',1),(1731,'分页查询学生信息',1,NULL,'无','2023-05-03 11:13:12','管理员',1),(1732,'分页查询学生信息',1,NULL,'无','2023-05-03 11:55:39','管理员',1),(1733,'分页查询学生信息',1,NULL,'无','2023-05-03 11:55:40','管理员',1),(1734,'分页查询学生信息',1,NULL,'无','2023-05-03 11:55:40','管理员',1),(1735,'分页查询学生信息',1,NULL,'无','2023-05-03 11:56:56','管理员',1),(1736,'分页查询学生信息',1,NULL,'无','2023-05-03 11:58:09','管理员',1),(1737,'分页查询学生信息',1,NULL,'无','2023-05-03 11:58:10','管理员',1),(1738,'分页查询学生信息',1,NULL,'无','2023-05-03 11:58:10','管理员',1),(1739,'分页查询学生信息',1,NULL,'无','2023-05-03 14:36:47','管理员',1),(1740,'用户注册信息',1,NULL,'无','2023-05-03 16:22:25','管理员',1);
/*!40000 ALTER TABLE `operationlog` ENABLE KEYS */;
UNLOCK TABLES;

--
-- Table structure for table `student`
--

DROP TABLE IF EXISTS `student`;
/*!40101 SET @saved_cs_client     = @@character_set_client */;
/*!50503 SET character_set_client = utf8mb4 */;
CREATE TABLE `student` (
  `student_id` bigint NOT NULL AUTO_INCREMENT,
  `student_name` varchar(255) DEFAULT NULL,
  `age` int DEFAULT NULL,
  `sex` int DEFAULT NULL,
  `school` varchar(255) DEFAULT NULL,
  `address` varchar(255) DEFAULT NULL,
  `deleteFlag` int NOT NULL DEFAULT '1',
  `info` varchar(255) DEFAULT NULL,
  `updateTime` timestamp NULL DEFAULT CURRENT_TIMESTAMP,
  `studentClassId` int DEFAULT NULL,
  PRIMARY KEY (`student_id`),
  KEY `studentClassId` (`studentClassId`),
  CONSTRAINT `student_ibfk_1` FOREIGN KEY (`studentClassId`) REFERENCES `studentclass` (`id`)
) ENGINE=InnoDB AUTO_INCREMENT=64 DEFAULT CHARSET=utf8mb4 COLLATE=utf8mb4_0900_ai_ci;
/*!40101 SET character_set_client = @saved_cs_client */;

--
-- Dumping data for table `student`
--

LOCK TABLES `student` WRITE;
/*!40000 ALTER TABLE `student` DISABLE KEYS */;
INSERT INTO `student` VALUES (1,'王昌龄',24,0,'天津大学','天津',1,NULL,'2023-04-28 08:13:32',2001),(9,'杜甫',23,1,'南京林业大学','江苏南京',1,'无','2023-04-28 08:00:21',2001),(10,'白居易',22,0,'西安交通大学','江苏苏州',1,NULL,NULL,2003),(11,'王安石',23,1,'南京林业大学','江苏南京',1,NULL,NULL,2002),(12,'辛弃疾',22,0,'南京大学','江苏苏州',1,NULL,NULL,2002),(14,'高适',NULL,1,NULL,'重庆',1,'无','2023-04-17 15:55:02',2003),(15,'李清照',22,0,'四川大学','江苏苏州',1,NULL,NULL,2004),(16,'张若虚',23,1,'复旦大学','江苏南京',1,NULL,NULL,2004),(19,'苏轼',22,0,'南京航空航天大学','江苏苏州',1,NULL,NULL,2003),(25,'杜牧',33,1,'北京大学','北京',1,NULL,NULL,2004),(26,'张若虚',34,1,'西北工业大学','陕西西安',1,NULL,NULL,2002),(29,'曹操',31,1,'新疆大学','山东济南',1,'无','2023-04-11 01:06:24',2002),(30,'诸葛亮',29,1,'四川大学','四川成都',1,'无','2023-04-11 01:06:24',2004),(51,'花木兰',23,0,'郑州大学','河南郑州',1,NULL,'2023-04-25 02:38:45',2004),(52,'岳飞',34,1,'南京大学','上海',1,NULL,'2023-04-25 03:55:54',2002),(53,'岳飞',32,1,'南京大学','上海',1,NULL,'2023-04-25 03:58:11',2001),(54,'李白',23,1,'北京大学','北京',1,NULL,'2023-05-03 08:18:02',2002),(55,'文天祥',43,1,'南京大学','江苏南京',1,NULL,'2023-05-03 11:19:23',2001),(56,'文天祥',43,1,'南京大学','江苏南京',1,NULL,'2023-05-03 11:19:24',2001),(57,'文天祥',32,1,'中国人民大学','上海',1,NULL,'2023-05-03 11:21:56',2001),(58,'岳飞',32,1,'中国人民大学','上海',1,NULL,'2023-05-03 11:22:57',2001),(59,'岳飞',32,1,'中国人民大学','上海',1,NULL,'2023-05-03 11:23:00',2001),(60,'岳飞',32,1,'中国人民大学','上海',1,NULL,'2023-05-03 11:25:48',2001),(61,'岳飞',32,1,'中国人民大学','上海',1,NULL,'2023-05-03 11:26:25',2001),(62,'岳飞',32,1,'中国人民大学','上海',1,NULL,'2023-05-03 11:30:16',2001),(63,'岳飞',37,1,'中国人民大学','上海',1,NULL,'2023-05-03 11:30:28',2001);
/*!40000 ALTER TABLE `student` ENABLE KEYS */;
UNLOCK TABLES;

--
-- Table structure for table `studentclass`
--

DROP TABLE IF EXISTS `studentclass`;
/*!40101 SET @saved_cs_client     = @@character_set_client */;
/*!50503 SET character_set_client = utf8mb4 */;
CREATE TABLE `studentclass` (
  `id` int NOT NULL AUTO_INCREMENT,
  `studentclassName` varchar(50) NOT NULL,
  `deleteFlag` int NOT NULL DEFAULT '1',
  `collegeId` int DEFAULT NULL,
  `info` varchar(255) DEFAULT NULL,
  `updateTime` timestamp NULL DEFAULT NULL,
  PRIMARY KEY (`id`),
  KEY `fk_studentClass_collegeId` (`collegeId`),
  CONSTRAINT `fk_studentClass_collegeId` FOREIGN KEY (`collegeId`) REFERENCES `college` (`id`)
) ENGINE=InnoDB AUTO_INCREMENT=2005 DEFAULT CHARSET=utf8mb3;
/*!40101 SET character_set_client = @saved_cs_client */;

--
-- Dumping data for table `studentclass`
--

LOCK TABLES `studentclass` WRITE;
/*!40000 ALTER TABLE `studentclass` DISABLE KEYS */;
INSERT INTO `studentclass` VALUES (2001,'20108041班',1,101,'041班级',NULL),(2002,'20108042班',1,101,'042班级',NULL),(2003,'20108051班',1,102,'051班级',NULL),(2004,'20108052班',1,102,'052班级',NULL);
/*!40000 ALTER TABLE `studentclass` ENABLE KEYS */;
UNLOCK TABLES;

--
-- Table structure for table `user`
--

DROP TABLE IF EXISTS `user`;
/*!40101 SET @saved_cs_client     = @@character_set_client */;
/*!50503 SET character_set_client = utf8mb4 */;
CREATE TABLE `user` (
  `user_id` bigint NOT NULL AUTO_INCREMENT,
  `username` varchar(255) DEFAULT NULL,
  `password` varchar(255) DEFAULT NULL,
  `sex` int DEFAULT NULL,
  `age` int DEFAULT NULL,
  `address` varchar(255) DEFAULT NULL,
  `studentId` bigint DEFAULT NULL,
  `deleteFlag` int NOT NULL DEFAULT '1',
  `info` varchar(255) DEFAULT NULL,
  `updateTime` timestamp NULL DEFAULT NULL,
  PRIMARY KEY (`user_id`),
  KEY `studentId` (`studentId`),
  CONSTRAINT `user_ibfk_1` FOREIGN KEY (`studentId`) REFERENCES `student` (`student_id`)
) ENGINE=InnoDB AUTO_INCREMENT=30 DEFAULT CHARSET=utf8mb4 COLLATE=utf8mb4_0900_ai_ci;
/*!40101 SET character_set_client = @saved_cs_client */;

--
-- Dumping data for table `user`
--

LOCK TABLES `user` WRITE;
/*!40000 ALTER TABLE `user` DISABLE KEYS */;
INSERT INTO `user` VALUES (1,'杨天','13851701111',1,21,'北京',1,1,'无',NULL),(2,'王乐','13851667788',0,22,'天津',1,1,'无',NULL),(3,'刘凯','13851888999',1,23,'江苏南京',1,1,'无',NULL),(4,'刘薇','13851666888',0,20,'江苏苏州',1,1,'无',NULL),(6,'孟浩然','13851709995',1,12,'重庆',1,1,'无',NULL),(23,'李商隐','13851709988',1,34,'湖北武汉',NULL,1,'无',NULL),(24,'黄巢','13851709977',1,33,'江西南昌',1,1,'无',NULL),(25,'柳永','13851709994',0,32,'云南昆明',NULL,1,'无',NULL),(26,'李煜','13851687879',1,54,'浙江杭州',NULL,1,NULL,NULL);
/*!40000 ALTER TABLE `user` ENABLE KEYS */;
UNLOCK TABLES;
/*!40103 SET TIME_ZONE=@OLD_TIME_ZONE */;

/*!40101 SET SQL_MODE=@OLD_SQL_MODE */;
/*!40014 SET FOREIGN_KEY_CHECKS=@OLD_FOREIGN_KEY_CHECKS */;
/*!40014 SET UNIQUE_CHECKS=@OLD_UNIQUE_CHECKS */;
/*!40101 SET CHARACTER_SET_CLIENT=@OLD_CHARACTER_SET_CLIENT */;
/*!40101 SET CHARACTER_SET_RESULTS=@OLD_CHARACTER_SET_RESULTS */;
/*!40101 SET COLLATION_CONNECTION=@OLD_COLLATION_CONNECTION */;
/*!40111 SET SQL_NOTES=@OLD_SQL_NOTES */;

-- Dump completed on 2023-05-04  0:34:10
